JMatzvyZV@gmail.com,DELETE,2024-09-11 06:23:12
tRoEanxWwcWuN@mail.ru,DELETE,2024-09-11 08:34:17
VUoeShycSO@gmail.com,CREATE,2024-09-11 19:48:00
XSadcLtdEJ@ya.ru,READ,2024-09-11 21:40:12
XSadcLtdEJ@ya.ru,DELETE,2024-09-11 01:05:20
tRoEanxWwcWuN@mail.ru,DELETE,2024-09-11 05:54:20
cWEyZxptozE@gmail.com,CREATE,2024-09-11 01:47:01
cWEyZxptozE@gmail.com,UPDATE,2024-09-11 02:47:12
oNoPy@ya.ru,UPDATE,2024-09-11 06:58:35
cWEyZxptozE@gmail.com,DELETE,2024-09-11 15:47:37
VUoeShycSO@gmail.com,READ,2024-09-11 22:02:30
AHFHYdCnEsJw@mail.ru,UPDATE,2024-09-11 00:32:15
tRoEanxWwcWuN@mail.ru,READ,2024-09-11 04:48:15
cWEyZxptozE@gmail.com,DELETE,2024-09-11 08:02:13
JMatzvyZV@gmail.com,DELETE,2024-09-11 21:29:25
VUoeShycSO@gmail.com,CREATE,2024-09-11 06:44:39
OiomyOMoC@mail.ru,READ,2024-09-11 11:13:53
XSadcLtdEJ@ya.ru,UPDATE,2024-09-11 12:56:56
JwxEbCKPtznHb@gmail.com,UPDATE,2024-09-11 09:34:35
soGNkwHClAuhA@ya.ru,CREATE,2024-09-11 10:06:51
VUoeShycSO@gmail.com,CREATE,2024-09-11 12:15:20
cWEyZxptozE@gmail.com,READ,2024-09-11 10:07:05
soGNkwHClAuhA@ya.ru,READ,2024-09-11 06:52:07
JwxEbCKPtznHb@gmail.com,UPDATE,2024-09-11 17:02:57
cWEyZxptozE@gmail.com,DELETE,2024-09-11 05:28:18
tRoEanxWwcWuN@mail.ru,READ,2024-09-11 18:15:49
cWEyZxptozE@gmail.com,CREATE,2024-09-11 04:54:13
JwxEbCKPtznHb@gmail.com,READ,2024-09-11 19:40:43
tRoEanxWwcWuN@mail.ru,UPDATE,2024-09-11 01:29:39
JwxEbCKPtznHb@gmail.com,UPDATE,2024-09-11 19:20:45
tRoEanxWwcWuN@mail.ru,CREATE,2024-09-11 22:32:21
AHFHYdCnEsJw@mail.ru,DELETE,2024-09-11 05:08:56
AHFHYdCnEsJw@mail.ru,UPDATE,2024-09-11 17:18:10
JwxEbCKPtznHb@gmail.com,UPDATE,2024-09-11 12:23:03
oNoPy@ya.ru,READ,2024-09-11 04:07:05
oNoPy@ya.ru,CREATE,2024-09-11 17:17:36
AHFHYdCnEsJw@mail.ru,DELETE,2024-09-11 05:00:36
soGNkwHClAuhA@ya.ru,CREATE,2024-09-11 14:41:21
tRoEanxWwcWuN@mail.ru,READ,2024-09-11 09:27:29
oNoPy@ya.ru,UPDATE,2024-09-11 14:44:20
soGNkwHClAuhA@ya.ru,UPDATE,2024-09-11 18:07:16
JMatzvyZV@gmail.com,READ,2024-09-11 06:00:57
cWEyZxptozE@gmail.com,CREATE,2024-09-11 04:23:15
oNoPy@ya.ru,DELETE,2024-09-11 23:28:00
JMatzvyZV@gmail.com,CREATE,2024-09-11 07:21:32
JwxEbCKPtznHb@gmail.com,CREATE,2024-09-11 02:57:33
oNoPy@ya.ru,CREATE,2024-09-11 17:00:10
JwxEbCKPtznHb@gmail.com,READ,2024-09-11 11:02:41
JwxEbCKPtznHb@gmail.com,READ,2024-09-11 10:25:20
JMatzvyZV@gmail.com,DELETE,2024-09-11 19:08:19
JMatzvyZV@gmail.com,DELETE,2024-09-11 23:13:17
VUoeShycSO@gmail.com,DELETE,2024-09-11 22:01:48
OiomyOMoC@mail.ru,CREATE,2024-09-11 18:39:15
AHFHYdCnEsJw@mail.ru,READ,2024-09-11 11:30:16
JwxEbCKPtznHb@gmail.com,READ,2024-09-11 06:12:56
OiomyOMoC@mail.ru,UPDATE,2024-09-11 22:31:18
oNoPy@ya.ru,DELETE,2024-09-11 04:06:53
cWEyZxptozE@gmail.com,CREATE,2024-09-11 12:35:04
soGNkwHClAuhA@ya.ru,DELETE,2024-09-11 01:41:44
AHFHYdCnEsJw@mail.ru,UPDATE,2024-09-11 18:27:33
VUoeShycSO@gmail.com,READ,2024-09-11 23:04:38
XSadcLtdEJ@ya.ru,CREATE,2024-09-11 10:14:21
AHFHYdCnEsJw@mail.ru,DELETE,2024-09-11 17:23:08
tRoEanxWwcWuN@mail.ru,DELETE,2024-09-11 17:46:38
tRoEanxWwcWuN@mail.ru,UPDATE,2024-09-11 04:20:44
XSadcLtdEJ@ya.ru,UPDATE,2024-09-11 07:28:11
oNoPy@ya.ru,READ,2024-09-11 16:12:56
oNoPy@ya.ru,READ,2024-09-11 23:25:21
JMatzvyZV@gmail.com,READ,2024-09-11 20:08:29
oNoPy@ya.ru,READ,2024-09-11 22:17:30
XSadcLtdEJ@ya.ru,READ,2024-09-11 04:43:59
XSadcLtdEJ@ya.ru,DELETE,2024-09-11 06:01:47
XSadcLtdEJ@ya.ru,READ,2024-09-11 04:10:11
JwxEbCKPtznHb@gmail.com,DELETE,2024-09-11 19:39:38
oNoPy@ya.ru,CREATE,2024-09-11 15:20:09
AHFHYdCnEsJw@mail.ru,DELETE,2024-09-11 10:47:55
VUoeShycSO@gmail.com,DELETE,2024-09-11 22:01:59
JwxEbCKPtznHb@gmail.com,READ,2024-09-11 09:00:43
OiomyOMoC@mail.ru,READ,2024-09-11 20:31:20
JMatzvyZV@gmail.com,DELETE,2024-09-11 13:48:28
cWEyZxptozE@gmail.com,CREATE,2024-09-11 19:13:57
XSadcLtdEJ@ya.ru,DELETE,2024-09-11 04:26:14
oNoPy@ya.ru,DELETE,2024-09-11 17:06:34
OiomyOMoC@mail.ru,READ,2024-09-11 17:52:42
soGNkwHClAuhA@ya.ru,CREATE,2024-09-11 11:57:36
OiomyOMoC@mail.ru,DELETE,2024-09-11 07:28:31
OiomyOMoC@mail.ru,DELETE,2024-09-11 21:47:28
cWEyZxptozE@gmail.com,CREATE,2024-09-11 22:05:57
cWEyZxptozE@gmail.com,UPDATE,2024-09-11 07:13:09
tRoEanxWwcWuN@mail.ru,UPDATE,2024-09-11 05:04:50
JwxEbCKPtznHb@gmail.com,READ,2024-09-11 14:24:07
XSadcLtdEJ@ya.ru,DELETE,2024-09-11 13:58:41
AHFHYdCnEsJw@mail.ru,CREATE,2024-09-11 09:21:47
cWEyZxptozE@gmail.com,DELETE,2024-09-11 23:54:38
JwxEbCKPtznHb@gmail.com,CREATE,2024-09-11 03:52:58
tRoEanxWwcWuN@mail.ru,READ,2024-09-11 13:22:04
XSadcLtdEJ@ya.ru,READ,2024-09-11 14:23:18
JMatzvyZV@gmail.com,CREATE,2024-09-11 14:43:21
XSadcLtdEJ@ya.ru,UPDATE,2024-09-11 12:36:54
tRoEanxWwcWuN@mail.ru,CREATE,2024-09-11 04:12:14
soGNkwHClAuhA@ya.ru,DELETE,2024-09-11 21:53:07
cWEyZxptozE@gmail.com,READ,2024-09-11 13:08:45
VUoeShycSO@gmail.com,CREATE,2024-09-11 19:48:29
JMatzvyZV@gmail.com,CREATE,2024-09-11 12:18:47
OiomyOMoC@mail.ru,READ,2024-09-11 12:27:19
soGNkwHClAuhA@ya.ru,DELETE,2024-09-11 10:35:38
OiomyOMoC@mail.ru,CREATE,2024-09-11 17:42:59
cWEyZxptozE@gmail.com,CREATE,2024-09-11 00:11:05
JMatzvyZV@gmail.com,DELETE,2024-09-11 10:44:31
soGNkwHClAuhA@ya.ru,DELETE,2024-09-11 07:23:07
soGNkwHClAuhA@ya.ru,READ,2024-09-11 01:04:11
JMatzvyZV@gmail.com,READ,2024-09-11 00:22:47
soGNkwHClAuhA@ya.ru,DELETE,2024-09-11 05:04:18
JMatzvyZV@gmail.com,CREATE,2024-09-11 05:19:52
oNoPy@ya.ru,UPDATE,2024-09-11 01:59:03
VUoeShycSO@gmail.com,CREATE,2024-09-11 08:21:37
oNoPy@ya.ru,DELETE,2024-09-11 13:59:56
JwxEbCKPtznHb@gmail.com,UPDATE,2024-09-11 15:27:34
JwxEbCKPtznHb@gmail.com,CREATE,2024-09-11 15:51:59
OiomyOMoC@mail.ru,CREATE,2024-09-11 10:29:32
AHFHYdCnEsJw@mail.ru,READ,2024-09-11 13:53:05
JwxEbCKPtznHb@gmail.com,DELETE,2024-09-11 12:08:09
tRoEanxWwcWuN@mail.ru,DELETE,2024-09-11 08:27:15
JMatzvyZV@gmail.com,READ,2024-09-11 22:16:17
VUoeShycSO@gmail.com,READ,2024-09-11 11:26:57
tRoEanxWwcWuN@mail.ru,CREATE,2024-09-11 23:11:33
oNoPy@ya.ru,READ,2024-09-11 18:03:33
cWEyZxptozE@gmail.com,UPDATE,2024-09-11 18:28:52
VUoeShycSO@gmail.com,UPDATE,2024-09-11 13:04:30
JwxEbCKPtznHb@gmail.com,UPDATE,2024-09-11 22:09:40
OiomyOMoC@mail.ru,CREATE,2024-09-11 13:03:28
VUoeShycSO@gmail.com,UPDATE,2024-09-11 17:26:58
OiomyOMoC@mail.ru,READ,2024-09-11 16:27:45
VUoeShycSO@gmail.com,READ,2024-09-11 12:29:44
JwxEbCKPtznHb@gmail.com,CREATE,2024-09-11 12:01:51
tRoEanxWwcWuN@mail.ru,UPDATE,2024-09-11 04:07:21
VUoeShycSO@gmail.com,UPDATE,2024-09-11 06:23:48
soGNkwHClAuhA@ya.ru,CREATE,2024-09-11 13:54:35
soGNkwHClAuhA@ya.ru,CREATE,2024-09-11 10:13:12
oNoPy@ya.ru,READ,2024-09-11 23:13:39
OiomyOMoC@mail.ru,CREATE,2024-09-11 23:10:02
JMatzvyZV@gmail.com,DELETE,2024-09-11 01:02:52
XSadcLtdEJ@ya.ru,UPDATE,2024-09-11 03:00:42
AHFHYdCnEsJw@mail.ru,READ,2024-09-11 23:05:12
JwxEbCKPtznHb@gmail.com,CREATE,2024-09-11 20:54:02
tRoEanxWwcWuN@mail.ru,CREATE,2024-09-11 15:44:58
tRoEanxWwcWuN@mail.ru,UPDATE,2024-09-11 01:21:43
JMatzvyZV@gmail.com,DELETE,2024-09-11 02:34:55
cWEyZxptozE@gmail.com,UPDATE,2024-09-11 19:50:40
oNoPy@ya.ru,CREATE,2024-09-11 08:23:30
JwxEbCKPtznHb@gmail.com,DELETE,2024-09-11 07:04:51
VUoeShycSO@gmail.com,CREATE,2024-09-11 00:01:22
JMatzvyZV@gmail.com,CREATE,2024-09-11 07:44:48
soGNkwHClAuhA@ya.ru,UPDATE,2024-09-11 19:17:57
soGNkwHClAuhA@ya.ru,CREATE,2024-09-11 19:04:09
JMatzvyZV@gmail.com,UPDATE,2024-09-11 12:15:31
cWEyZxptozE@gmail.com,UPDATE,2024-09-11 22:54:43
tRoEanxWwcWuN@mail.ru,CREATE,2024-09-11 00:41:59
soGNkwHClAuhA@ya.ru,CREATE,2024-09-11 00:58:57
JMatzvyZV@gmail.com,CREATE,2024-09-11 09:59:36
OiomyOMoC@mail.ru,DELETE,2024-09-11 16:51:51
XSadcLtdEJ@ya.ru,DELETE,2024-09-11 02:58:21
soGNkwHClAuhA@ya.ru,DELETE,2024-09-11 13:10:30
cWEyZxptozE@gmail.com,CREATE,2024-09-11 10:02:41
VUoeShycSO@gmail.com,DELETE,2024-09-11 02:50:07
AHFHYdCnEsJw@mail.ru,READ,2024-09-11 20:51:35
OiomyOMoC@mail.ru,UPDATE,2024-09-11 13:36:25
tRoEanxWwcWuN@mail.ru,DELETE,2024-09-11 06:25:49
VUoeShycSO@gmail.com,READ,2024-09-11 21:04:02
AHFHYdCnEsJw@mail.ru,CREATE,2024-09-11 07:26:54
oNoPy@ya.ru,READ,2024-09-11 14:28:26
oNoPy@ya.ru,READ,2024-09-11 06:36:21
soGNkwHClAuhA@ya.ru,UPDATE,2024-09-11 20:07:57
JwxEbCKPtznHb@gmail.com,CREATE,2024-09-11 14:01:51
soGNkwHClAuhA@ya.ru,DELETE,2024-09-11 23:25:09
JMatzvyZV@gmail.com,READ,2024-09-11 14:49:47
soGNkwHClAuhA@ya.ru,UPDATE,2024-09-11 01:29:18
oNoPy@ya.ru,READ,2024-09-11 22:51:11
tRoEanxWwcWuN@mail.ru,DELETE,2024-09-11 00:12:06
JMatzvyZV@gmail.com,UPDATE,2024-09-11 18:02:55
cWEyZxptozE@gmail.com,CREATE,2024-09-11 17:04:12
oNoPy@ya.ru,DELETE,2024-09-11 09:56:00
AHFHYdCnEsJw@mail.ru,UPDATE,2024-09-11 05:50:29
cWEyZxptozE@gmail.com,UPDATE,2024-09-11 16:58:56
OiomyOMoC@mail.ru,UPDATE,2024-09-11 02:56:28
oNoPy@ya.ru,CREATE,2024-09-11 03:58:29
cWEyZxptozE@gmail.com,READ,2024-09-11 13:34:42
JMatzvyZV@gmail.com,READ,2024-09-11 08:42:33
XSadcLtdEJ@ya.ru,CREATE,2024-09-11 05:22:24
VUoeShycSO@gmail.com,DELETE,2024-09-11 12:31:13
AHFHYdCnEsJw@mail.ru,CREATE,2024-09-11 08:50:33
oNoPy@ya.ru,UPDATE,2024-09-11 20:25:21
cWEyZxptozE@gmail.com,DELETE,2024-09-11 16:59:26
VUoeShycSO@gmail.com,DELETE,2024-09-11 20:40:10
AHFHYdCnEsJw@mail.ru,CREATE,2024-09-11 16:08:19
OiomyOMoC@mail.ru,UPDATE,2024-09-11 19:09:19
tRoEanxWwcWuN@mail.ru,READ,2024-09-11 22:34:43
JwxEbCKPtznHb@gmail.com,DELETE,2024-09-11 17:22:14
soGNkwHClAuhA@ya.ru,CREATE,2024-09-11 10:50:42
cWEyZxptozE@gmail.com,UPDATE,2024-09-11 13:20:51
oNoPy@ya.ru,READ,2024-09-11 06:13:47
AHFHYdCnEsJw@mail.ru,UPDATE,2024-09-11 00:00:27
VUoeShycSO@gmail.com,UPDATE,2024-09-11 19:30:00
cWEyZxptozE@gmail.com,CREATE,2024-09-11 21:33:05
JwxEbCKPtznHb@gmail.com,CREATE,2024-09-11 02:07:24
JMatzvyZV@gmail.com,DELETE,2024-09-11 20:50:30
JMatzvyZV@gmail.com,READ,2024-09-11 05:43:29
XSadcLtdEJ@ya.ru,DELETE,2024-09-11 08:12:54
AHFHYdCnEsJw@mail.ru,CREATE,2024-09-11 21:12:24
JwxEbCKPtznHb@gmail.com,READ,2024-09-11 08:36:26
soGNkwHClAuhA@ya.ru,READ,2024-09-11 08:22:44
oNoPy@ya.ru,DELETE,2024-09-11 20:21:51
oNoPy@ya.ru,CREATE,2024-09-11 19:42:44
soGNkwHClAuhA@ya.ru,UPDATE,2024-09-11 20:51:38
tRoEanxWwcWuN@mail.ru,CREATE,2024-09-11 05:09:59
soGNkwHClAuhA@ya.ru,DELETE,2024-09-11 06:27:07
tRoEanxWwcWuN@mail.ru,UPDATE,2024-09-11 01:07:06
OiomyOMoC@mail.ru,CREATE,2024-09-11 14:56:24
soGNkwHClAuhA@ya.ru,UPDATE,2024-09-11 05:49:53
soGNkwHClAuhA@ya.ru,READ,2024-09-11 15:39:25
OiomyOMoC@mail.ru,DELETE,2024-09-11 08:12:40
AHFHYdCnEsJw@mail.ru,READ,2024-09-11 02:01:49
AHFHYdCnEsJw@mail.ru,UPDATE,2024-09-11 05:33:01
JwxEbCKPtznHb@gmail.com,CREATE,2024-09-11 03:00:27
XSadcLtdEJ@ya.ru,CREATE,2024-09-11 05:19:20
tRoEanxWwcWuN@mail.ru,CREATE,2024-09-11 22:04:06
cWEyZxptozE@gmail.com,DELETE,2024-09-11 02:26:07
cWEyZxptozE@gmail.com,READ,2024-09-11 19:35:58
soGNkwHClAuhA@ya.ru,DELETE,2024-09-11 13:22:58
VUoeShycSO@gmail.com,DELETE,2024-09-11 12:05:55
soGNkwHClAuhA@ya.ru,DELETE,2024-09-11 04:24:47
tRoEanxWwcWuN@mail.ru,DELETE,2024-09-11 07:56:35
cWEyZxptozE@gmail.com,UPDATE,2024-09-11 20:30:22
OiomyOMoC@mail.ru,DELETE,2024-09-11 07:41:54
oNoPy@ya.ru,CREATE,2024-09-11 11:34:54
JwxEbCKPtznHb@gmail.com,CREATE,2024-09-11 03:58:59
soGNkwHClAuhA@ya.ru,READ,2024-09-11 04:28:14
JMatzvyZV@gmail.com,DELETE,2024-09-11 17:40:43
VUoeShycSO@gmail.com,CREATE,2024-09-11 16:55:30
soGNkwHClAuhA@ya.ru,READ,2024-09-11 09:47:35
JMatzvyZV@gmail.com,UPDATE,2024-09-11 00:52:42
OiomyOMoC@mail.ru,DELETE,2024-09-11 01:39:16
VUoeShycSO@gmail.com,UPDATE,2024-09-11 22:48:09
cWEyZxptozE@gmail.com,UPDATE,2024-09-11 23:12:27
XSadcLtdEJ@ya.ru,UPDATE,2024-09-11 05:05:25
cWEyZxptozE@gmail.com,UPDATE,2024-09-11 02:19:36
JMatzvyZV@gmail.com,UPDATE,2024-09-11 00:16:28
cWEyZxptozE@gmail.com,READ,2024-09-11 09:33:41
JMatzvyZV@gmail.com,DELETE,2024-09-11 03:19:59
oNoPy@ya.ru,UPDATE,2024-09-11 10:08:41
AHFHYdCnEsJw@mail.ru,CREATE,2024-09-11 17:12:15
VUoeShycSO@gmail.com,UPDATE,2024-09-11 10:00:49
VUoeShycSO@gmail.com,DELETE,2024-09-11 20:26:47
OiomyOMoC@mail.ru,UPDATE,2024-09-11 08:35:52
JMatzvyZV@gmail.com,UPDATE,2024-09-11 03:18:38
XSadcLtdEJ@ya.ru,CREATE,2024-09-11 18:02:02
VUoeShycSO@gmail.com,DELETE,2024-09-11 09:01:35
tRoEanxWwcWuN@mail.ru,DELETE,2024-09-11 19:51:58
JwxEbCKPtznHb@gmail.com,CREATE,2024-09-11 11:07:01
JwxEbCKPtznHb@gmail.com,UPDATE,2024-09-11 19:16:18
JwxEbCKPtznHb@gmail.com,DELETE,2024-09-11 19:53:10
JwxEbCKPtznHb@gmail.com,DELETE,2024-09-11 00:52:05
XSadcLtdEJ@ya.ru,CREATE,2024-09-11 04:44:41
tRoEanxWwcWuN@mail.ru,CREATE,2024-09-11 09:54:06
cWEyZxptozE@gmail.com,READ,2024-09-11 10:24:02
JwxEbCKPtznHb@gmail.com,DELETE,2024-09-11 19:50:32
JMatzvyZV@gmail.com,DELETE,2024-09-11 20:59:44
tRoEanxWwcWuN@mail.ru,DELETE,2024-09-11 02:47:45
JwxEbCKPtznHb@gmail.com,DELETE,2024-09-11 08:34:17
AHFHYdCnEsJw@mail.ru,READ,2024-09-11 05:05:00
OiomyOMoC@mail.ru,UPDATE,2024-09-11 18:49:14
AHFHYdCnEsJw@mail.ru,DELETE,2024-09-11 01:34:43
soGNkwHClAuhA@ya.ru,DELETE,2024-09-11 14:35:46
VUoeShycSO@gmail.com,UPDATE,2024-09-11 22:40:09
soGNkwHClAuhA@ya.ru,CREATE,2024-09-11 06:15:04
cWEyZxptozE@gmail.com,UPDATE,2024-09-11 17:30:38
soGNkwHClAuhA@ya.ru,DELETE,2024-09-11 14:45:21
VUoeShycSO@gmail.com,CREATE,2024-09-11 20:08:02
tRoEanxWwcWuN@mail.ru,CREATE,2024-09-11 10:24:12
JMatzvyZV@gmail.com,READ,2024-09-11 06:33:48
AHFHYdCnEsJw@mail.ru,DELETE,2024-09-11 02:34:55
tRoEanxWwcWuN@mail.ru,UPDATE,2024-09-11 14:40:58
cWEyZxptozE@gmail.com,READ,2024-09-11 02:55:17
AHFHYdCnEsJw@mail.ru,DELETE,2024-09-11 00:54:38
cWEyZxptozE@gmail.com,UPDATE,2024-09-11 19:56:12
XSadcLtdEJ@ya.ru,DELETE,2024-09-11 20:38:59
soGNkwHClAuhA@ya.ru,DELETE,2024-09-11 07:19:42
OiomyOMoC@mail.ru,CREATE,2024-09-11 15:41:23
JwxEbCKPtznHb@gmail.com,UPDATE,2024-09-11 23:14:37
oNoPy@ya.ru,UPDATE,2024-09-11 09:50:13
VUoeShycSO@gmail.com,DELETE,2024-09-11 12:20:52
cWEyZxptozE@gmail.com,DELETE,2024-09-11 07:12:28
OiomyOMoC@mail.ru,CREATE,2024-09-11 07:46:04
oNoPy@ya.ru,CREATE,2024-09-11 18:38:43
JwxEbCKPtznHb@gmail.com,READ,2024-09-11 05:28:36
cWEyZxptozE@gmail.com,DELETE,2024-09-11 07:39:32
XSadcLtdEJ@ya.ru,DELETE,2024-09-11 12:30:32
VUoeShycSO@gmail.com,READ,2024-09-11 08:33:01
VUoeShycSO@gmail.com,DELETE,2024-09-11 06:05:24
JMatzvyZV@gmail.com,UPDATE,2024-09-11 18:04:19
AHFHYdCnEsJw@mail.ru,READ,2024-09-11 09:52:13
cWEyZxptozE@gmail.com,UPDATE,2024-09-11 05:59:19
XSadcLtdEJ@ya.ru,UPDATE,2024-09-11 11:47:05
soGNkwHClAuhA@ya.ru,READ,2024-09-11 20:03:01
oNoPy@ya.ru,READ,2024-09-11 01:51:05
cWEyZxptozE@gmail.com,UPDATE,2024-09-11 00:18:13
XSadcLtdEJ@ya.ru,DELETE,2024-09-11 02:04:03
soGNkwHClAuhA@ya.ru,DELETE,2024-09-11 13:24:46
tRoEanxWwcWuN@mail.ru,CREATE,2024-09-11 02:31:02
OiomyOMoC@mail.ru,DELETE,2024-09-11 16:04:14
oNoPy@ya.ru,CREATE,2024-09-11 08:40:15
soGNkwHClAuhA@ya.ru,UPDATE,2024-09-11 21:23:10
oNoPy@ya.ru,DELETE,2024-09-11 06:52:57
AHFHYdCnEsJw@mail.ru,UPDATE,2024-09-11 19:07:05
JwxEbCKPtznHb@gmail.com,UPDATE,2024-09-11 10:07:08
tRoEanxWwcWuN@mail.ru,DELETE,2024-09-11 00:56:44
JwxEbCKPtznHb@gmail.com,READ,2024-09-11 21:00:32
JwxEbCKPtznHb@gmail.com,CREATE,2024-09-11 04:26:17
VUoeShycSO@gmail.com,READ,2024-09-11 07:29:38
cWEyZxptozE@gmail.com,READ,2024-09-11 00:09:42
AHFHYdCnEsJw@mail.ru,DELETE,2024-09-11 09:15:12
cWEyZxptozE@gmail.com,CREATE,2024-09-11 03:25:45
cWEyZxptozE@gmail.com,DELETE,2024-09-11 10:54:08
VUoeShycSO@gmail.com,DELETE,2024-09-11 22:52:55
VUoeShycSO@gmail.com,UPDATE,2024-09-11 14:09:01
soGNkwHClAuhA@ya.ru,READ,2024-09-11 03:54:06
tRoEanxWwcWuN@mail.ru,DELETE,2024-09-11 03:34:29
oNoPy@ya.ru,UPDATE,2024-09-11 03:55:56
tRoEanxWwcWuN@mail.ru,READ,2024-09-11 05:33:25
JMatzvyZV@gmail.com,UPDATE,2024-09-11 00:58:55
tRoEanxWwcWuN@mail.ru,UPDATE,2024-09-11 04:10:38
tRoEanxWwcWuN@mail.ru,UPDATE,2024-09-11 00:59:57
OiomyOMoC@mail.ru,READ,2024-09-11 11:35:05
oNoPy@ya.ru,READ,2024-09-11 03:40:31
cWEyZxptozE@gmail.com,READ,2024-09-11 12:36:19
soGNkwHClAuhA@ya.ru,READ,2024-09-11 04:15:36
AHFHYdCnEsJw@mail.ru,UPDATE,2024-09-11 07:31:15
JwxEbCKPtznHb@gmail.com,DELETE,2024-09-11 06:55:18
VUoeShycSO@gmail.com,DELETE,2024-09-11 10:27:02
JMatzvyZV@gmail.com,UPDATE,2024-09-11 16:49:09
JMatzvyZV@gmail.com,CREATE,2024-09-11 18:37:42
VUoeShycSO@gmail.com,DELETE,2024-09-11 22:32:34
AHFHYdCnEsJw@mail.ru,UPDATE,2024-09-11 18:07:37
tRoEanxWwcWuN@mail.ru,CREATE,2024-09-11 13:53:11
VUoeShycSO@gmail.com,UPDATE,2024-09-11 00:04:45
JwxEbCKPtznHb@gmail.com,UPDATE,2024-09-11 05:56:35
oNoPy@ya.ru,UPDATE,2024-09-11 18:31:16
OiomyOMoC@mail.ru,UPDATE,2024-09-11 20:56:10
tRoEanxWwcWuN@mail.ru,DELETE,2024-09-11 08:36:14
cWEyZxptozE@gmail.com,DELETE,2024-09-11 23:50:44
JwxEbCKPtznHb@gmail.com,READ,2024-09-11 18:24:13
soGNkwHClAuhA@ya.ru,READ,2024-09-11 14:34:55
XSadcLtdEJ@ya.ru,UPDATE,2024-09-11 00:19:10
soGNkwHClAuhA@ya.ru,CREATE,2024-09-11 00:17:56
soGNkwHClAuhA@ya.ru,UPDATE,2024-09-11 22:56:48
AHFHYdCnEsJw@mail.ru,DELETE,2024-09-11 13:24:23
XSadcLtdEJ@ya.ru,READ,2024-09-11 23:05:58
JMatzvyZV@gmail.com,UPDATE,2024-09-11 12:43:58
oNoPy@ya.ru,DELETE,2024-09-11 20:52:17
JwxEbCKPtznHb@gmail.com,DELETE,2024-09-11 11:50:30
cWEyZxptozE@gmail.com,CREATE,2024-09-11 05:09:15
XSadcLtdEJ@ya.ru,DELETE,2024-09-11 05:44:04
AHFHYdCnEsJw@mail.ru,UPDATE,2024-09-11 03:03:45
cWEyZxptozE@gmail.com,DELETE,2024-09-11 07:36:37
XSadcLtdEJ@ya.ru,READ,2024-09-11 20:29:36
VUoeShycSO@gmail.com,DELETE,2024-09-11 06:21:25
cWEyZxptozE@gmail.com,UPDATE,2024-09-11 12:27:57
OiomyOMoC@mail.ru,UPDATE,2024-09-11 12:56:49
OiomyOMoC@mail.ru,CREATE,2024-09-11 17:35:40
soGNkwHClAuhA@ya.ru,READ,2024-09-11 15:42:12
oNoPy@ya.ru,CREATE,2024-09-11 03:36:02
AHFHYdCnEsJw@mail.ru,UPDATE,2024-09-11 21:08:22
VUoeShycSO@gmail.com,UPDATE,2024-09-11 14:15:19
tRoEanxWwcWuN@mail.ru,UPDATE,2024-09-11 03:06:26
AHFHYdCnEsJw@mail.ru,READ,2024-09-11 18:39:18
JMatzvyZV@gmail.com,CREATE,2024-09-11 08:25:03
OiomyOMoC@mail.ru,CREATE,2024-09-11 02:02:49
JwxEbCKPtznHb@gmail.com,READ,2024-09-11 16:22:43
JMatzvyZV@gmail.com,CREATE,2024-09-11 04:42:22
oNoPy@ya.ru,UPDATE,2024-09-11 01:07:21
OiomyOMoC@mail.ru,READ,2024-09-11 05:23:43
OiomyOMoC@mail.ru,CREATE,2024-09-11 17:28:17
OiomyOMoC@mail.ru,READ,2024-09-11 01:58:50
tRoEanxWwcWuN@mail.ru,READ,2024-09-11 07:38:43
VUoeShycSO@gmail.com,DELETE,2024-09-11 16:09:26
JMatzvyZV@gmail.com,READ,2024-09-11 09:34:11
VUoeShycSO@gmail.com,DELETE,2024-09-11 00:16:50
VUoeShycSO@gmail.com,READ,2024-09-11 20:00:43
cWEyZxptozE@gmail.com,CREATE,2024-09-11 08:19:45
OiomyOMoC@mail.ru,READ,2024-09-11 01:45:17
XSadcLtdEJ@ya.ru,UPDATE,2024-09-11 04:35:48
tRoEanxWwcWuN@mail.ru,READ,2024-09-11 14:38:11
tRoEanxWwcWuN@mail.ru,UPDATE,2024-09-11 18:10:22
VUoeShycSO@gmail.com,UPDATE,2024-09-11 14:03:57
AHFHYdCnEsJw@mail.ru,DELETE,2024-09-11 12:00:28
VUoeShycSO@gmail.com,READ,2024-09-11 13:24:27
AHFHYdCnEsJw@mail.ru,DELETE,2024-09-11 22:08:12
tRoEanxWwcWuN@mail.ru,UPDATE,2024-09-11 08:40:40
cWEyZxptozE@gmail.com,DELETE,2024-09-11 12:03:13
AHFHYdCnEsJw@mail.ru,DELETE,2024-09-11 00:42:54
JwxEbCKPtznHb@gmail.com,READ,2024-09-11 20:50:26
AHFHYdCnEsJw@mail.ru,DELETE,2024-09-11 22:16:56
oNoPy@ya.ru,UPDATE,2024-09-11 20:59:05
cWEyZxptozE@gmail.com,DELETE,2024-09-11 02:41:32
oNoPy@ya.ru,CREATE,2024-09-11 11:15:10
XSadcLtdEJ@ya.ru,UPDATE,2024-09-11 16:36:11
cWEyZxptozE@gmail.com,READ,2024-09-11 01:06:16
tRoEanxWwcWuN@mail.ru,UPDATE,2024-09-11 10:43:33
VUoeShycSO@gmail.com,CREATE,2024-09-11 18:55:42
JwxEbCKPtznHb@gmail.com,READ,2024-09-11 15:12:11
oNoPy@ya.ru,DELETE,2024-09-11 12:57:51
OiomyOMoC@mail.ru,DELETE,2024-09-11 12:16:35
AHFHYdCnEsJw@mail.ru,UPDATE,2024-09-11 12:06:15
OiomyOMoC@mail.ru,READ,2024-09-11 20:33:49
XSadcLtdEJ@ya.ru,UPDATE,2024-09-11 15:02:34
JMatzvyZV@gmail.com,CREATE,2024-09-11 17:42:15
JwxEbCKPtznHb@gmail.com,CREATE,2024-09-11 13:21:25
AHFHYdCnEsJw@mail.ru,UPDATE,2024-09-11 12:25:15
VUoeShycSO@gmail.com,DELETE,2024-09-11 04:15:20
JMatzvyZV@gmail.com,UPDATE,2024-09-11 20:46:47
JMatzvyZV@gmail.com,DELETE,2024-09-11 02:43:36
soGNkwHClAuhA@ya.ru,UPDATE,2024-09-11 13:32:03
VUoeShycSO@gmail.com,DELETE,2024-09-11 00:37:17
soGNkwHClAuhA@ya.ru,READ,2024-09-11 22:34:17
OiomyOMoC@mail.ru,READ,2024-09-11 02:24:30
JMatzvyZV@gmail.com,UPDATE,2024-09-11 14:00:24
cWEyZxptozE@gmail.com,UPDATE,2024-09-11 14:55:47
soGNkwHClAuhA@ya.ru,CREATE,2024-09-11 15:06:08
VUoeShycSO@gmail.com,UPDATE,2024-09-11 22:46:55
JMatzvyZV@gmail.com,READ,2024-09-11 02:48:42
VUoeShycSO@gmail.com,UPDATE,2024-09-11 21:37:29
cWEyZxptozE@gmail.com,UPDATE,2024-09-11 16:55:11
soGNkwHClAuhA@ya.ru,READ,2024-09-11 20:20:15
XSadcLtdEJ@ya.ru,READ,2024-09-11 05:09:17
JwxEbCKPtznHb@gmail.com,UPDATE,2024-09-11 10:47:11
JMatzvyZV@gmail.com,CREATE,2024-09-11 11:00:45
soGNkwHClAuhA@ya.ru,UPDATE,2024-09-11 05:34:28
soGNkwHClAuhA@ya.ru,DELETE,2024-09-11 11:19:00
AHFHYdCnEsJw@mail.ru,DELETE,2024-09-11 00:04:39
AHFHYdCnEsJw@mail.ru,READ,2024-09-11 19:21:23
soGNkwHClAuhA@ya.ru,CREATE,2024-09-11 16:33:21
JwxEbCKPtznHb@gmail.com,CREATE,2024-09-11 16:14:11
XSadcLtdEJ@ya.ru,UPDATE,2024-09-11 14:54:07
OiomyOMoC@mail.ru,UPDATE,2024-09-11 13:59:47
cWEyZxptozE@gmail.com,DELETE,2024-09-11 03:32:19
tRoEanxWwcWuN@mail.ru,UPDATE,2024-09-11 03:50:17
JwxEbCKPtznHb@gmail.com,UPDATE,2024-09-11 17:42:05
tRoEanxWwcWuN@mail.ru,UPDATE,2024-09-11 18:54:56
soGNkwHClAuhA@ya.ru,CREATE,2024-09-11 17:23:36
tRoEanxWwcWuN@mail.ru,READ,2024-09-11 19:29:56
XSadcLtdEJ@ya.ru,READ,2024-09-11 17:26:01
AHFHYdCnEsJw@mail.ru,READ,2024-09-11 09:43:46
soGNkwHClAuhA@ya.ru,UPDATE,2024-09-11 18:54:45
soGNkwHClAuhA@ya.ru,READ,2024-09-11 04:25:24
JwxEbCKPtznHb@gmail.com,CREATE,2024-09-11 18:48:42
AHFHYdCnEsJw@mail.ru,CREATE,2024-09-11 23:39:55
AHFHYdCnEsJw@mail.ru,DELETE,2024-09-11 10:23:14
VUoeShycSO@gmail.com,DELETE,2024-09-11 05:40:14
XSadcLtdEJ@ya.ru,UPDATE,2024-09-11 09:53:24
VUoeShycSO@gmail.com,DELETE,2024-09-11 12:31:03
XSadcLtdEJ@ya.ru,CREATE,2024-09-11 06:25:34
VUoeShycSO@gmail.com,UPDATE,2024-09-11 11:19:54
tRoEanxWwcWuN@mail.ru,DELETE,2024-09-11 04:31:15
cWEyZxptozE@gmail.com,DELETE,2024-09-11 19:34:38
AHFHYdCnEsJw@mail.ru,UPDATE,2024-09-11 13:33:36
cWEyZxptozE@gmail.com,CREATE,2024-09-11 11:29:02
AHFHYdCnEsJw@mail.ru,CREATE,2024-09-11 00:17:51
OiomyOMoC@mail.ru,DELETE,2024-09-11 21:44:09
XSadcLtdEJ@ya.ru,READ,2024-09-11 10:03:38
AHFHYdCnEsJw@mail.ru,READ,2024-09-11 06:51:12
cWEyZxptozE@gmail.com,CREATE,2024-09-11 22:48:05
tRoEanxWwcWuN@mail.ru,UPDATE,2024-09-11 16:59:11
JwxEbCKPtznHb@gmail.com,CREATE,2024-09-11 08:36:55
tRoEanxWwcWuN@mail.ru,CREATE,2024-09-11 21:48:44
JMatzvyZV@gmail.com,READ,2024-09-11 16:07:23
XSadcLtdEJ@ya.ru,READ,2024-09-11 09:10:23
JwxEbCKPtznHb@gmail.com,READ,2024-09-11 13:50:44
XSadcLtdEJ@ya.ru,DELETE,2024-09-11 01:25:19
OiomyOMoC@mail.ru,READ,2024-09-11 01:45:35
oNoPy@ya.ru,CREATE,2024-09-11 16:37:43
JMatzvyZV@gmail.com,READ,2024-09-11 05:44:15
tRoEanxWwcWuN@mail.ru,UPDATE,2024-09-11 11:17:40
cWEyZxptozE@gmail.com,UPDATE,2024-09-11 06:49:36
tRoEanxWwcWuN@mail.ru,READ,2024-09-11 09:02:32
XSadcLtdEJ@ya.ru,CREATE,2024-09-11 21:38:15
JwxEbCKPtznHb@gmail.com,READ,2024-09-11 17:08:53
tRoEanxWwcWuN@mail.ru,CREATE,2024-09-11 09:53:51
XSadcLtdEJ@ya.ru,CREATE,2024-09-11 09:46:48
OiomyOMoC@mail.ru,DELETE,2024-09-11 18:27:53
cWEyZxptozE@gmail.com,UPDATE,2024-09-11 21:03:50
oNoPy@ya.ru,READ,2024-09-11 21:56:55
XSadcLtdEJ@ya.ru,CREATE,2024-09-11 01:18:09
AHFHYdCnEsJw@mail.ru,CREATE,2024-09-11 06:47:43
soGNkwHClAuhA@ya.ru,READ,2024-09-11 01:34:52
VUoeShycSO@gmail.com,READ,2024-09-11 18:49:34
tRoEanxWwcWuN@mail.ru,DELETE,2024-09-11 19:38:34
cWEyZxptozE@gmail.com,UPDATE,2024-09-11 19:20:28
oNoPy@ya.ru,DELETE,2024-09-11 23:29:09
oNoPy@ya.ru,CREATE,2024-09-11 06:31:52
AHFHYdCnEsJw@mail.ru,CREATE,2024-09-11 18:53:34
tRoEanxWwcWuN@mail.ru,READ,2024-09-11 07:16:01
OiomyOMoC@mail.ru,UPDATE,2024-09-11 18:26:26
tRoEanxWwcWuN@mail.ru,READ,2024-09-11 05:21:45
oNoPy@ya.ru,DELETE,2024-09-11 01:08:48
XSadcLtdEJ@ya.ru,DELETE,2024-09-11 11:12:41
tRoEanxWwcWuN@mail.ru,DELETE,2024-09-11 11:15:57
XSadcLtdEJ@ya.ru,DELETE,2024-09-11 05:29:19
OiomyOMoC@mail.ru,READ,2024-09-11 10:31:51
OiomyOMoC@mail.ru,DELETE,2024-09-11 02:54:23
AHFHYdCnEsJw@mail.ru,CREATE,2024-09-11 06:05:02
tRoEanxWwcWuN@mail.ru,READ,2024-09-11 08:41:12
JMatzvyZV@gmail.com,CREATE,2024-09-11 08:33:01
XSadcLtdEJ@ya.ru,READ,2024-09-11 23:37:30
tRoEanxWwcWuN@mail.ru,DELETE,2024-09-11 03:05:45
soGNkwHClAuhA@ya.ru,DELETE,2024-09-11 22:44:59
VUoeShycSO@gmail.com,UPDATE,2024-09-11 13:00:44
oNoPy@ya.ru,CREATE,2024-09-11 06:23:35
cWEyZxptozE@gmail.com,UPDATE,2024-09-11 04:46:31
VUoeShycSO@gmail.com,READ,2024-09-11 13:44:01
AHFHYdCnEsJw@mail.ru,DELETE,2024-09-11 12:38:41
JwxEbCKPtznHb@gmail.com,READ,2024-09-11 16:10:03
tRoEanxWwcWuN@mail.ru,UPDATE,2024-09-11 15:11:40
JwxEbCKPtznHb@gmail.com,CREATE,2024-09-11 09:10:49
tRoEanxWwcWuN@mail.ru,CREATE,2024-09-11 01:10:44
soGNkwHClAuhA@ya.ru,READ,2024-09-11 13:37:54
OiomyOMoC@mail.ru,DELETE,2024-09-11 05:25:13
VUoeShycSO@gmail.com,DELETE,2024-09-11 09:02:13
JMatzvyZV@gmail.com,CREATE,2024-09-11 16:33:23
VUoeShycSO@gmail.com,UPDATE,2024-09-11 23:52:25
oNoPy@ya.ru,CREATE,2024-09-11 00:32:00
cWEyZxptozE@gmail.com,CREATE,2024-09-11 07:37:16
oNoPy@ya.ru,DELETE,2024-09-11 00:29:31
OiomyOMoC@mail.ru,CREATE,2024-09-11 18:17:11
XSadcLtdEJ@ya.ru,CREATE,2024-09-11 04:57:01
tRoEanxWwcWuN@mail.ru,DELETE,2024-09-11 06:11:15
JwxEbCKPtznHb@gmail.com,CREATE,2024-09-11 11:34:21
cWEyZxptozE@gmail.com,CREATE,2024-09-11 03:28:10
XSadcLtdEJ@ya.ru,UPDATE,2024-09-11 08:00:08
JMatzvyZV@gmail.com,CREATE,2024-09-11 18:58:24
OiomyOMoC@mail.ru,CREATE,2024-09-11 04:15:59
JwxEbCKPtznHb@gmail.com,READ,2024-09-11 11:42:43
JwxEbCKPtznHb@gmail.com,DELETE,2024-09-11 21:24:21
soGNkwHClAuhA@ya.ru,CREATE,2024-09-11 17:05:53
OiomyOMoC@mail.ru,READ,2024-09-11 19:59:27
cWEyZxptozE@gmail.com,CREATE,2024-09-11 01:57:23
VUoeShycSO@gmail.com,CREATE,2024-09-11 19:10:27
soGNkwHClAuhA@ya.ru,UPDATE,2024-09-11 10:25:28
tRoEanxWwcWuN@mail.ru,DELETE,2024-09-11 19:11:33
cWEyZxptozE@gmail.com,DELETE,2024-09-11 15:46:40
OiomyOMoC@mail.ru,UPDATE,2024-09-11 11:04:59
JwxEbCKPtznHb@gmail.com,UPDATE,2024-09-11 23:27:05
JwxEbCKPtznHb@gmail.com,CREATE,2024-09-11 19:23:04
JMatzvyZV@gmail.com,UPDATE,2024-09-11 09:20:12
AHFHYdCnEsJw@mail.ru,DELETE,2024-09-11 09:16:09
tRoEanxWwcWuN@mail.ru,DELETE,2024-09-11 03:26:19
AHFHYdCnEsJw@mail.ru,CREATE,2024-09-11 22:47:21
XSadcLtdEJ@ya.ru,READ,2024-09-11 13:31:53
JMatzvyZV@gmail.com,READ,2024-09-11 22:51:50
JwxEbCKPtznHb@gmail.com,READ,2024-09-11 15:46:10
JwxEbCKPtznHb@gmail.com,CREATE,2024-09-11 14:08:07
XSadcLtdEJ@ya.ru,DELETE,2024-09-11 19:41:47
JMatzvyZV@gmail.com,DELETE,2024-09-11 07:58:05
cWEyZxptozE@gmail.com,DELETE,2024-09-11 07:37:11
JwxEbCKPtznHb@gmail.com,DELETE,2024-09-11 06:45:00
JMatzvyZV@gmail.com,CREATE,2024-09-11 23:55:48
cWEyZxptozE@gmail.com,UPDATE,2024-09-11 14:30:06
AHFHYdCnEsJw@mail.ru,READ,2024-09-11 20:36:18
XSadcLtdEJ@ya.ru,CREATE,2024-09-11 10:02:45
XSadcLtdEJ@ya.ru,DELETE,2024-09-11 08:48:28
JwxEbCKPtznHb@gmail.com,CREATE,2024-09-11 18:05:27
oNoPy@ya.ru,CREATE,2024-09-11 06:05:35
oNoPy@ya.ru,UPDATE,2024-09-11 05:14:32
JwxEbCKPtznHb@gmail.com,READ,2024-09-11 22:50:04
cWEyZxptozE@gmail.com,DELETE,2024-09-11 17:37:04
VUoeShycSO@gmail.com,DELETE,2024-09-11 20:13:46
cWEyZxptozE@gmail.com,UPDATE,2024-09-11 22:47:17
AHFHYdCnEsJw@mail.ru,READ,2024-09-11 07:02:18
VUoeShycSO@gmail.com,READ,2024-09-11 14:33:23
soGNkwHClAuhA@ya.ru,READ,2024-09-11 12:40:06
JMatzvyZV@gmail.com,CREATE,2024-09-11 22:05:14
oNoPy@ya.ru,CREATE,2024-09-11 05:14:01
OiomyOMoC@mail.ru,DELETE,2024-09-11 15:11:35
VUoeShycSO@gmail.com,UPDATE,2024-09-11 01:09:33
JMatzvyZV@gmail.com,READ,2024-09-11 03:43:45
JwxEbCKPtznHb@gmail.com,CREATE,2024-09-11 06:31:32
VUoeShycSO@gmail.com,DELETE,2024-09-11 20:53:16
oNoPy@ya.ru,DELETE,2024-09-11 21:47:40
oNoPy@ya.ru,UPDATE,2024-09-11 15:00:35
tRoEanxWwcWuN@mail.ru,READ,2024-09-11 10:32:53
cWEyZxptozE@gmail.com,UPDATE,2024-09-11 19:35:37
tRoEanxWwcWuN@mail.ru,READ,2024-09-11 00:19:01
JwxEbCKPtznHb@gmail.com,CREATE,2024-09-11 12:17:34
VUoeShycSO@gmail.com,DELETE,2024-09-11 09:54:09
VUoeShycSO@gmail.com,READ,2024-09-11 02:10:11
VUoeShycSO@gmail.com,READ,2024-09-11 13:22:15
VUoeShycSO@gmail.com,UPDATE,2024-09-11 15:06:10
VUoeShycSO@gmail.com,READ,2024-09-11 13:27:22
VUoeShycSO@gmail.com,CREATE,2024-09-11 05:30:57
cWEyZxptozE@gmail.com,READ,2024-09-11 18:50:34
VUoeShycSO@gmail.com,CREATE,2024-09-11 10:54:48
tRoEanxWwcWuN@mail.ru,CREATE,2024-09-11 14:05:40
soGNkwHClAuhA@ya.ru,UPDATE,2024-09-11 20:37:28
XSadcLtdEJ@ya.ru,CREATE,2024-09-11 06:45:11
JMatzvyZV@gmail.com,CREATE,2024-09-11 03:00:05
soGNkwHClAuhA@ya.ru,READ,2024-09-11 12:15:45
AHFHYdCnEsJw@mail.ru,CREATE,2024-09-11 01:42:03
OiomyOMoC@mail.ru,DELETE,2024-09-11 15:06:19
XSadcLtdEJ@ya.ru,UPDATE,2024-09-11 23:58:09
JMatzvyZV@gmail.com,READ,2024-09-11 16:03:54
AHFHYdCnEsJw@mail.ru,UPDATE,2024-09-11 10:36:20
cWEyZxptozE@gmail.com,READ,2024-09-11 22:26:21
tRoEanxWwcWuN@mail.ru,UPDATE,2024-09-11 13:41:14
JwxEbCKPtznHb@gmail.com,DELETE,2024-09-11 18:14:27
JwxEbCKPtznHb@gmail.com,UPDATE,2024-09-11 11:17:37
JMatzvyZV@gmail.com,CREATE,2024-09-11 08:15:57
VUoeShycSO@gmail.com,DELETE,2024-09-11 03:09:09
JMatzvyZV@gmail.com,READ,2024-09-11 04:57:01
JwxEbCKPtznHb@gmail.com,UPDATE,2024-09-11 23:15:40
oNoPy@ya.ru,READ,2024-09-11 00:58:21
JMatzvyZV@gmail.com,CREATE,2024-09-11 09:22:25
XSadcLtdEJ@ya.ru,READ,2024-09-11 05:02:57
XSadcLtdEJ@ya.ru,READ,2024-09-11 01:19:32
VUoeShycSO@gmail.com,CREATE,2024-09-11 13:23:53
cWEyZxptozE@gmail.com,READ,2024-09-11 01:23:48
OiomyOMoC@mail.ru,CREATE,2024-09-11 01:40:54
VUoeShycSO@gmail.com,CREATE,2024-09-11 04:31:48
JMatzvyZV@gmail.com,CREATE,2024-09-11 15:42:02
OiomyOMoC@mail.ru,UPDATE,2024-09-11 11:45:33
AHFHYdCnEsJw@mail.ru,UPDATE,2024-09-11 22:59:35
AHFHYdCnEsJw@mail.ru,READ,2024-09-11 04:16:52
JMatzvyZV@gmail.com,READ,2024-09-11 19:32:30
XSadcLtdEJ@ya.ru,UPDATE,2024-09-11 04:12:08
oNoPy@ya.ru,CREATE,2024-09-11 23:15:44
AHFHYdCnEsJw@mail.ru,UPDATE,2024-09-11 00:21:47
oNoPy@ya.ru,UPDATE,2024-09-11 02:35:40
JwxEbCKPtznHb@gmail.com,READ,2024-09-11 00:46:16
XSadcLtdEJ@ya.ru,DELETE,2024-09-11 20:44:04
OiomyOMoC@mail.ru,UPDATE,2024-09-11 11:16:07
OiomyOMoC@mail.ru,DELETE,2024-09-11 13:50:14
oNoPy@ya.ru,DELETE,2024-09-11 23:53:26
cWEyZxptozE@gmail.com,READ,2024-09-11 02:16:45
AHFHYdCnEsJw@mail.ru,READ,2024-09-11 16:22:26
XSadcLtdEJ@ya.ru,UPDATE,2024-09-11 17:22:28
JwxEbCKPtznHb@gmail.com,READ,2024-09-11 13:28:36
XSadcLtdEJ@ya.ru,UPDATE,2024-09-11 10:56:11
oNoPy@ya.ru,UPDATE,2024-09-11 05:00:29
AHFHYdCnEsJw@mail.ru,READ,2024-09-11 00:25:15
oNoPy@ya.ru,CREATE,2024-09-11 07:50:26
soGNkwHClAuhA@ya.ru,CREATE,2024-09-11 04:51:06
cWEyZxptozE@gmail.com,READ,2024-09-11 11:40:02
soGNkwHClAuhA@ya.ru,CREATE,2024-09-11 18:17:02
OiomyOMoC@mail.ru,DELETE,2024-09-11 11:00:52
XSadcLtdEJ@ya.ru,CREATE,2024-09-11 12:50:15
JMatzvyZV@gmail.com,DELETE,2024-09-11 03:06:16
VUoeShycSO@gmail.com,CREATE,2024-09-11 01:00:36
VUoeShycSO@gmail.com,READ,2024-09-11 15:31:21
oNoPy@ya.ru,UPDATE,2024-09-11 16:09:54
JMatzvyZV@gmail.com,UPDATE,2024-09-11 21:48:38
oNoPy@ya.ru,CREATE,2024-09-11 20:08:51
VUoeShycSO@gmail.com,DELETE,2024-09-11 01:01:05
JMatzvyZV@gmail.com,READ,2024-09-11 02:52:18
XSadcLtdEJ@ya.ru,READ,2024-09-11 07:44:00
AHFHYdCnEsJw@mail.ru,DELETE,2024-09-11 18:41:58
JMatzvyZV@gmail.com,CREATE,2024-09-11 12:16:09
JwxEbCKPtznHb@gmail.com,UPDATE,2024-09-11 23:55:55
tRoEanxWwcWuN@mail.ru,READ,2024-09-11 05:42:28
tRoEanxWwcWuN@mail.ru,READ,2024-09-11 20:41:17
VUoeShycSO@gmail.com,CREATE,2024-09-11 12:24:38
XSadcLtdEJ@ya.ru,CREATE,2024-09-11 08:48:07
OiomyOMoC@mail.ru,CREATE,2024-09-11 10:31:15
OiomyOMoC@mail.ru,UPDATE,2024-09-11 18:27:37
cWEyZxptozE@gmail.com,READ,2024-09-11 09:52:40
JwxEbCKPtznHb@gmail.com,DELETE,2024-09-11 23:24:39
cWEyZxptozE@gmail.com,READ,2024-09-11 10:19:54
JwxEbCKPtznHb@gmail.com,DELETE,2024-09-11 20:20:28
JMatzvyZV@gmail.com,UPDATE,2024-09-11 06:58:33
oNoPy@ya.ru,CREATE,2024-09-11 14:02:23
OiomyOMoC@mail.ru,READ,2024-09-11 22:33:32
OiomyOMoC@mail.ru,UPDATE,2024-09-11 22:45:47
JMatzvyZV@gmail.com,CREATE,2024-09-11 01:52:06
cWEyZxptozE@gmail.com,CREATE,2024-09-11 12:58:25
AHFHYdCnEsJw@mail.ru,UPDATE,2024-09-11 17:52:36
tRoEanxWwcWuN@mail.ru,UPDATE,2024-09-11 23:36:51
JwxEbCKPtznHb@gmail.com,CREATE,2024-09-11 21:17:59
JMatzvyZV@gmail.com,CREATE,2024-09-11 10:50:48
AHFHYdCnEsJw@mail.ru,READ,2024-09-11 22:18:07
OiomyOMoC@mail.ru,DELETE,2024-09-11 13:55:08
JwxEbCKPtznHb@gmail.com,UPDATE,2024-09-11 08:16:05
JMatzvyZV@gmail.com,CREATE,2024-09-11 02:59:57
tRoEanxWwcWuN@mail.ru,CREATE,2024-09-11 14:10:11
JMatzvyZV@gmail.com,CREATE,2024-09-11 03:43:41
OiomyOMoC@mail.ru,DELETE,2024-09-11 15:46:38
soGNkwHClAuhA@ya.ru,READ,2024-09-11 08:59:45
soGNkwHClAuhA@ya.ru,DELETE,2024-09-11 11:33:21
soGNkwHClAuhA@ya.ru,CREATE,2024-09-11 03:20:48
VUoeShycSO@gmail.com,READ,2024-09-11 18:45:15
VUoeShycSO@gmail.com,DELETE,2024-09-11 05:43:39
AHFHYdCnEsJw@mail.ru,DELETE,2024-09-11 01:08:59
AHFHYdCnEsJw@mail.ru,READ,2024-09-11 12:59:21
AHFHYdCnEsJw@mail.ru,CREATE,2024-09-11 14:28:48
OiomyOMoC@mail.ru,DELETE,2024-09-11 11:09:37
XSadcLtdEJ@ya.ru,CREATE,2024-09-11 05:23:36
JwxEbCKPtznHb@gmail.com,DELETE,2024-09-11 16:29:19
XSadcLtdEJ@ya.ru,READ,2024-09-11 12:41:49
JMatzvyZV@gmail.com,DELETE,2024-09-11 22:18:55
VUoeShycSO@gmail.com,READ,2024-09-11 12:39:34
AHFHYdCnEsJw@mail.ru,DELETE,2024-09-11 15:46:00
soGNkwHClAuhA@ya.ru,READ,2024-09-11 20:49:40
XSadcLtdEJ@ya.ru,UPDATE,2024-09-11 19:42:54
tRoEanxWwcWuN@mail.ru,DELETE,2024-09-11 19:51:39
AHFHYdCnEsJw@mail.ru,DELETE,2024-09-11 18:15:19
cWEyZxptozE@gmail.com,DELETE,2024-09-11 23:35:20
AHFHYdCnEsJw@mail.ru,CREATE,2024-09-11 14:23:21
cWEyZxptozE@gmail.com,READ,2024-09-11 16:28:51
XSadcLtdEJ@ya.ru,CREATE,2024-09-11 13:05:10
XSadcLtdEJ@ya.ru,DELETE,2024-09-11 00:53:55
soGNkwHClAuhA@ya.ru,DELETE,2024-09-11 03:10:50
XSadcLtdEJ@ya.ru,UPDATE,2024-09-11 04:22:48
VUoeShycSO@gmail.com,DELETE,2024-09-11 23:20:15
cWEyZxptozE@gmail.com,READ,2024-09-11 15:28:35
AHFHYdCnEsJw@mail.ru,DELETE,2024-09-11 21:12:07
OiomyOMoC@mail.ru,READ,2024-09-11 05:36:48
VUoeShycSO@gmail.com,UPDATE,2024-09-11 06:30:32
VUoeShycSO@gmail.com,DELETE,2024-09-11 04:57:20
cWEyZxptozE@gmail.com,READ,2024-09-11 17:04:41
tRoEanxWwcWuN@mail.ru,CREATE,2024-09-11 07:16:11
OiomyOMoC@mail.ru,CREATE,2024-09-11 08:55:37
cWEyZxptozE@gmail.com,DELETE,2024-09-11 01:32:30
JwxEbCKPtznHb@gmail.com,READ,2024-09-11 18:42:24
JMatzvyZV@gmail.com,DELETE,2024-09-11 12:51:13
JwxEbCKPtznHb@gmail.com,READ,2024-09-11 04:37:19
cWEyZxptozE@gmail.com,UPDATE,2024-09-11 12:03:32
JwxEbCKPtznHb@gmail.com,CREATE,2024-09-11 00:46:27
AHFHYdCnEsJw@mail.ru,DELETE,2024-09-11 20:02:20
oNoPy@ya.ru,READ,2024-09-11 23:43:37
AHFHYdCnEsJw@mail.ru,DELETE,2024-09-11 21:51:18
tRoEanxWwcWuN@mail.ru,DELETE,2024-09-11 03:35:13
VUoeShycSO@gmail.com,UPDATE,2024-09-11 02:03:04
OiomyOMoC@mail.ru,DELETE,2024-09-11 14:33:59
soGNkwHClAuhA@ya.ru,UPDATE,2024-09-11 07:13:04
cWEyZxptozE@gmail.com,CREATE,2024-09-11 01:54:16
cWEyZxptozE@gmail.com,DELETE,2024-09-11 02:57:23
tRoEanxWwcWuN@mail.ru,UPDATE,2024-09-11 02:29:37
tRoEanxWwcWuN@mail.ru,READ,2024-09-11 00:02:30
oNoPy@ya.ru,CREATE,2024-09-11 13:19:54
JMatzvyZV@gmail.com,CREATE,2024-09-11 18:24:06
JwxEbCKPtznHb@gmail.com,UPDATE,2024-09-11 16:34:31
VUoeShycSO@gmail.com,CREATE,2024-09-11 20:34:45
cWEyZxptozE@gmail.com,UPDATE,2024-09-11 17:49:36
XSadcLtdEJ@ya.ru,DELETE,2024-09-11 04:55:46
oNoPy@ya.ru,UPDATE,2024-09-11 19:08:55
cWEyZxptozE@gmail.com,CREATE,2024-09-11 06:06:24
JMatzvyZV@gmail.com,UPDATE,2024-09-11 10:07:44
OiomyOMoC@mail.ru,READ,2024-09-11 14:00:11
JwxEbCKPtznHb@gmail.com,UPDATE,2024-09-11 10:50:50
JMatzvyZV@gmail.com,UPDATE,2024-09-11 20:55:39
OiomyOMoC@mail.ru,CREATE,2024-09-11 01:43:07
JwxEbCKPtznHb@gmail.com,READ,2024-09-11 05:07:45
XSadcLtdEJ@ya.ru,UPDATE,2024-09-11 20:02:24
oNoPy@ya.ru,UPDATE,2024-09-11 09:52:32
oNoPy@ya.ru,UPDATE,2024-09-11 23:32:05
VUoeShycSO@gmail.com,CREATE,2024-09-11 05:14:27
VUoeShycSO@gmail.com,DELETE,2024-09-11 05:16:51
tRoEanxWwcWuN@mail.ru,DELETE,2024-09-11 04:30:38
VUoeShycSO@gmail.com,CREATE,2024-09-11 09:20:50
oNoPy@ya.ru,DELETE,2024-09-11 18:42:55
OiomyOMoC@mail.ru,DELETE,2024-09-11 09:08:07
cWEyZxptozE@gmail.com,READ,2024-09-11 22:49:26
XSadcLtdEJ@ya.ru,CREATE,2024-09-11 23:32:48
VUoeShycSO@gmail.com,UPDATE,2024-09-11 10:38:31
tRoEanxWwcWuN@mail.ru,DELETE,2024-09-11 21:19:59
OiomyOMoC@mail.ru,UPDATE,2024-09-11 09:32:58
JwxEbCKPtznHb@gmail.com,UPDATE,2024-09-11 00:00:19
JwxEbCKPtznHb@gmail.com,UPDATE,2024-09-11 15:21:18
XSadcLtdEJ@ya.ru,CREATE,2024-09-11 11:16:14
JMatzvyZV@gmail.com,CREATE,2024-09-11 17:19:03
JMatzvyZV@gmail.com,READ,2024-09-11 04:45:37
XSadcLtdEJ@ya.ru,READ,2024-09-11 09:16:54
cWEyZxptozE@gmail.com,READ,2024-09-11 19:28:12
AHFHYdCnEsJw@mail.ru,UPDATE,2024-09-11 12:50:55
OiomyOMoC@mail.ru,UPDATE,2024-09-11 23:17:03
soGNkwHClAuhA@ya.ru,CREATE,2024-09-11 04:12:04
OiomyOMoC@mail.ru,CREATE,2024-09-11 15:23:27
oNoPy@ya.ru,READ,2024-09-11 15:02:55
XSadcLtdEJ@ya.ru,UPDATE,2024-09-11 22:55:56
AHFHYdCnEsJw@mail.ru,DELETE,2024-09-11 05:18:56
cWEyZxptozE@gmail.com,UPDATE,2024-09-11 20:30:14
soGNkwHClAuhA@ya.ru,CREATE,2024-09-11 12:35:23
cWEyZxptozE@gmail.com,UPDATE,2024-09-11 01:25:08
VUoeShycSO@gmail.com,CREATE,2024-09-11 21:08:38
AHFHYdCnEsJw@mail.ru,CREATE,2024-09-11 21:16:14
tRoEanxWwcWuN@mail.ru,DELETE,2024-09-11 04:02:58
oNoPy@ya.ru,UPDATE,2024-09-11 12:47:03
cWEyZxptozE@gmail.com,UPDATE,2024-09-11 03:41:52
JwxEbCKPtznHb@gmail.com,READ,2024-09-11 09:43:22
VUoeShycSO@gmail.com,UPDATE,2024-09-11 05:08:05
OiomyOMoC@mail.ru,UPDATE,2024-09-11 13:27:20
cWEyZxptozE@gmail.com,UPDATE,2024-09-11 07:47:30
soGNkwHClAuhA@ya.ru,READ,2024-09-11 04:07:38
soGNkwHClAuhA@ya.ru,CREATE,2024-09-11 04:07:22
oNoPy@ya.ru,READ,2024-09-11 15:18:05
tRoEanxWwcWuN@mail.ru,DELETE,2024-09-11 01:09:58
cWEyZxptozE@gmail.com,READ,2024-09-11 20:21:56
tRoEanxWwcWuN@mail.ru,UPDATE,2024-09-11 09:50:57
oNoPy@ya.ru,READ,2024-09-11 15:54:14
XSadcLtdEJ@ya.ru,READ,2024-09-11 03:57:46
OiomyOMoC@mail.ru,DELETE,2024-09-11 19:44:28
JwxEbCKPtznHb@gmail.com,UPDATE,2024-09-11 02:20:37
cWEyZxptozE@gmail.com,CREATE,2024-09-11 02:39:37
tRoEanxWwcWuN@mail.ru,UPDATE,2024-09-11 04:09:04
cWEyZxptozE@gmail.com,CREATE,2024-09-11 10:59:53
JwxEbCKPtznHb@gmail.com,DELETE,2024-09-11 15:46:58
JwxEbCKPtznHb@gmail.com,DELETE,2024-09-11 14:36:06
soGNkwHClAuhA@ya.ru,CREATE,2024-09-11 11:31:30
JMatzvyZV@gmail.com,READ,2024-09-11 16:04:28
VUoeShycSO@gmail.com,DELETE,2024-09-11 21:33:00
JwxEbCKPtznHb@gmail.com,UPDATE,2024-09-11 05:50:04
XSadcLtdEJ@ya.ru,DELETE,2024-09-11 10:49:18
oNoPy@ya.ru,UPDATE,2024-09-11 06:10:27
OiomyOMoC@mail.ru,READ,2024-09-11 16:35:42
OiomyOMoC@mail.ru,CREATE,2024-09-11 19:33:31
oNoPy@ya.ru,CREATE,2024-09-11 15:17:25
XSadcLtdEJ@ya.ru,DELETE,2024-09-11 16:11:37
oNoPy@ya.ru,DELETE,2024-09-11 21:32:43
cWEyZxptozE@gmail.com,CREATE,2024-09-11 18:07:33
tRoEanxWwcWuN@mail.ru,DELETE,2024-09-11 11:07:43
XSadcLtdEJ@ya.ru,CREATE,2024-09-11 12:38:01
cWEyZxptozE@gmail.com,READ,2024-09-11 11:39:52
cWEyZxptozE@gmail.com,UPDATE,2024-09-11 17:28:53
cWEyZxptozE@gmail.com,UPDATE,2024-09-11 16:51:54
tRoEanxWwcWuN@mail.ru,UPDATE,2024-09-11 04:54:27
JwxEbCKPtznHb@gmail.com,UPDATE,2024-09-11 00:46:36
JwxEbCKPtznHb@gmail.com,READ,2024-09-11 01:22:17
soGNkwHClAuhA@ya.ru,READ,2024-09-11 15:07:31
JwxEbCKPtznHb@gmail.com,UPDATE,2024-09-11 21:20:54
OiomyOMoC@mail.ru,READ,2024-09-11 23:17:54
AHFHYdCnEsJw@mail.ru,DELETE,2024-09-11 08:27:41
cWEyZxptozE@gmail.com,UPDATE,2024-09-11 10:48:57
JwxEbCKPtznHb@gmail.com,CREATE,2024-09-11 13:07:06
OiomyOMoC@mail.ru,UPDATE,2024-09-11 16:19:35
AHFHYdCnEsJw@mail.ru,DELETE,2024-09-11 10:15:45
oNoPy@ya.ru,CREATE,2024-09-11 11:19:00
soGNkwHClAuhA@ya.ru,CREATE,2024-09-11 00:47:32
JwxEbCKPtznHb@gmail.com,CREATE,2024-09-11 12:19:24
JwxEbCKPtznHb@gmail.com,READ,2024-09-11 00:06:22
XSadcLtdEJ@ya.ru,CREATE,2024-09-11 01:54:48
tRoEanxWwcWuN@mail.ru,READ,2024-09-11 23:30:54
JMatzvyZV@gmail.com,UPDATE,2024-09-11 06:25:26
JMatzvyZV@gmail.com,UPDATE,2024-09-11 04:44:53
soGNkwHClAuhA@ya.ru,READ,2024-09-11 06:15:25
VUoeShycSO@gmail.com,DELETE,2024-09-11 10:54:40
oNoPy@ya.ru,CREATE,2024-09-11 08:13:31
JwxEbCKPtznHb@gmail.com,DELETE,2024-09-11 12:28:37
JMatzvyZV@gmail.com,READ,2024-09-11 01:31:13
VUoeShycSO@gmail.com,READ,2024-09-11 01:54:45
VUoeShycSO@gmail.com,UPDATE,2024-09-11 21:07:28
AHFHYdCnEsJw@mail.ru,READ,2024-09-11 22:42:11
XSadcLtdEJ@ya.ru,CREATE,2024-09-11 23:17:27
tRoEanxWwcWuN@mail.ru,UPDATE,2024-09-11 22:19:29
XSadcLtdEJ@ya.ru,CREATE,2024-09-11 23:16:20
cWEyZxptozE@gmail.com,READ,2024-09-11 21:31:31
oNoPy@ya.ru,UPDATE,2024-09-11 01:12:22
oNoPy@ya.ru,UPDATE,2024-09-11 15:17:46
oNoPy@ya.ru,READ,2024-09-11 00:42:50
XSadcLtdEJ@ya.ru,READ,2024-09-11 17:51:44
JwxEbCKPtznHb@gmail.com,UPDATE,2024-09-11 01:31:08
oNoPy@ya.ru,UPDATE,2024-09-11 21:51:11
JwxEbCKPtznHb@gmail.com,READ,2024-09-11 06:19:07
oNoPy@ya.ru,READ,2024-09-11 19:58:50
cWEyZxptozE@gmail.com,UPDATE,2024-09-11 21:39:23
AHFHYdCnEsJw@mail.ru,DELETE,2024-09-11 07:16:57
AHFHYdCnEsJw@mail.ru,UPDATE,2024-09-11 19:33:37
soGNkwHClAuhA@ya.ru,CREATE,2024-09-11 17:06:05
VUoeShycSO@gmail.com,READ,2024-09-11 00:19:32
soGNkwHClAuhA@ya.ru,DELETE,2024-09-11 16:01:04
JMatzvyZV@gmail.com,CREATE,2024-09-11 11:04:48
VUoeShycSO@gmail.com,READ,2024-09-11 06:40:19
tRoEanxWwcWuN@mail.ru,UPDATE,2024-09-11 07:15:14
XSadcLtdEJ@ya.ru,UPDATE,2024-09-11 01:46:06
tRoEanxWwcWuN@mail.ru,CREATE,2024-09-11 18:47:28
JwxEbCKPtznHb@gmail.com,DELETE,2024-09-11 05:43:26
VUoeShycSO@gmail.com,CREATE,2024-09-11 05:01:33
cWEyZxptozE@gmail.com,UPDATE,2024-09-11 06:39:52
JwxEbCKPtznHb@gmail.com,READ,2024-09-11 14:21:56
tRoEanxWwcWuN@mail.ru,UPDATE,2024-09-11 09:44:51
JwxEbCKPtznHb@gmail.com,READ,2024-09-11 00:28:00
soGNkwHClAuhA@ya.ru,DELETE,2024-09-11 03:01:49
OiomyOMoC@mail.ru,UPDATE,2024-09-11 07:04:11
AHFHYdCnEsJw@mail.ru,UPDATE,2024-09-11 21:00:14
tRoEanxWwcWuN@mail.ru,CREATE,2024-09-11 00:01:21
soGNkwHClAuhA@ya.ru,DELETE,2024-09-11 18:37:37
soGNkwHClAuhA@ya.ru,UPDATE,2024-09-11 17:47:26
JwxEbCKPtznHb@gmail.com,DELETE,2024-09-11 19:47:49
OiomyOMoC@mail.ru,READ,2024-09-11 23:58:41
VUoeShycSO@gmail.com,DELETE,2024-09-11 23:29:42
OiomyOMoC@mail.ru,CREATE,2024-09-11 07:05:51
soGNkwHClAuhA@ya.ru,CREATE,2024-09-11 11:29:24
tRoEanxWwcWuN@mail.ru,READ,2024-09-11 01:53:28
XSadcLtdEJ@ya.ru,DELETE,2024-09-11 17:11:00
AHFHYdCnEsJw@mail.ru,READ,2024-09-11 09:17:55
JMatzvyZV@gmail.com,READ,2024-09-11 04:11:29
cWEyZxptozE@gmail.com,READ,2024-09-11 07:15:00
AHFHYdCnEsJw@mail.ru,DELETE,2024-09-11 05:59:43
AHFHYdCnEsJw@mail.ru,CREATE,2024-09-11 00:32:28
soGNkwHClAuhA@ya.ru,DELETE,2024-09-11 12:00:28
XSadcLtdEJ@ya.ru,CREATE,2024-09-11 20:38:56
oNoPy@ya.ru,CREATE,2024-09-11 07:19:27
XSadcLtdEJ@ya.ru,UPDATE,2024-09-11 06:17:34
AHFHYdCnEsJw@mail.ru,DELETE,2024-09-11 03:15:53
tRoEanxWwcWuN@mail.ru,READ,2024-09-11 02:18:38
tRoEanxWwcWuN@mail.ru,READ,2024-09-11 11:24:22
cWEyZxptozE@gmail.com,DELETE,2024-09-11 11:28:59
XSadcLtdEJ@ya.ru,UPDATE,2024-09-11 17:32:13
AHFHYdCnEsJw@mail.ru,CREATE,2024-09-11 17:43:48
oNoPy@ya.ru,READ,2024-09-11 18:35:29
tRoEanxWwcWuN@mail.ru,CREATE,2024-09-11 19:17:24
tRoEanxWwcWuN@mail.ru,UPDATE,2024-09-11 17:44:32
VUoeShycSO@gmail.com,UPDATE,2024-09-11 14:33:58
OiomyOMoC@mail.ru,UPDATE,2024-09-11 01:53:00
oNoPy@ya.ru,UPDATE,2024-09-11 17:55:27
soGNkwHClAuhA@ya.ru,DELETE,2024-09-11 15:32:38
VUoeShycSO@gmail.com,CREATE,2024-09-11 05:23:56
cWEyZxptozE@gmail.com,READ,2024-09-11 00:41:53
cWEyZxptozE@gmail.com,DELETE,2024-09-11 22:29:38
AHFHYdCnEsJw@mail.ru,READ,2024-09-11 17:12:10
soGNkwHClAuhA@ya.ru,CREATE,2024-09-11 08:11:35
oNoPy@ya.ru,CREATE,2024-09-11 00:27:47
JMatzvyZV@gmail.com,READ,2024-09-11 08:09:34
soGNkwHClAuhA@ya.ru,DELETE,2024-09-11 00:34:44
XSadcLtdEJ@ya.ru,DELETE,2024-09-11 16:32:45
tRoEanxWwcWuN@mail.ru,DELETE,2024-09-11 23:33:09
cWEyZxptozE@gmail.com,DELETE,2024-09-11 22:48:44
tRoEanxWwcWuN@mail.ru,UPDATE,2024-09-11 15:41:09
tRoEanxWwcWuN@mail.ru,CREATE,2024-09-11 07:20:53
JMatzvyZV@gmail.com,DELETE,2024-09-11 17:38:25
JMatzvyZV@gmail.com,CREATE,2024-09-11 21:50:32
JwxEbCKPtznHb@gmail.com,READ,2024-09-11 01:07:56
AHFHYdCnEsJw@mail.ru,READ,2024-09-11 01:40:29
tRoEanxWwcWuN@mail.ru,READ,2024-09-11 03:36:03
cWEyZxptozE@gmail.com,UPDATE,2024-09-11 08:09:30
oNoPy@ya.ru,UPDATE,2024-09-11 14:21:56
JMatzvyZV@gmail.com,CREATE,2024-09-11 22:20:40
JMatzvyZV@gmail.com,CREATE,2024-09-11 03:03:06
oNoPy@ya.ru,CREATE,2024-09-11 15:49:07
XSadcLtdEJ@ya.ru,CREATE,2024-09-11 20:31:37
JMatzvyZV@gmail.com,UPDATE,2024-09-11 21:45:08
JwxEbCKPtznHb@gmail.com,READ,2024-09-11 12:30:35
JMatzvyZV@gmail.com,CREATE,2024-09-11 08:21:50
oNoPy@ya.ru,DELETE,2024-09-11 01:59:34
OiomyOMoC@mail.ru,CREATE,2024-09-11 18:10:37
JMatzvyZV@gmail.com,CREATE,2024-09-11 20:48:25
cWEyZxptozE@gmail.com,DELETE,2024-09-11 17:49:57
OiomyOMoC@mail.ru,DELETE,2024-09-11 00:43:36
AHFHYdCnEsJw@mail.ru,DELETE,2024-09-11 11:42:55
JMatzvyZV@gmail.com,READ,2024-09-11 23:50:36
tRoEanxWwcWuN@mail.ru,DELETE,2024-09-11 09:27:08
JMatzvyZV@gmail.com,DELETE,2024-09-11 19:52:31
tRoEanxWwcWuN@mail.ru,READ,2024-09-11 02:59:41
OiomyOMoC@mail.ru,UPDATE,2024-09-11 09:26:54
JwxEbCKPtznHb@gmail.com,READ,2024-09-11 02:55:20
XSadcLtdEJ@ya.ru,UPDATE,2024-09-11 14:04:40
cWEyZxptozE@gmail.com,UPDATE,2024-09-11 00:47:16
AHFHYdCnEsJw@mail.ru,UPDATE,2024-09-11 05:41:17
tRoEanxWwcWuN@mail.ru,CREATE,2024-09-11 14:56:19
soGNkwHClAuhA@ya.ru,UPDATE,2024-09-11 13:29:49
tRoEanxWwcWuN@mail.ru,CREATE,2024-09-11 23:24:22
oNoPy@ya.ru,UPDATE,2024-09-11 15:57:31
XSadcLtdEJ@ya.ru,CREATE,2024-09-11 11:02:20
oNoPy@ya.ru,READ,2024-09-11 07:11:13
JMatzvyZV@gmail.com,READ,2024-09-11 04:00:20
XSadcLtdEJ@ya.ru,READ,2024-09-11 08:48:47
JwxEbCKPtznHb@gmail.com,UPDATE,2024-09-11 23:38:40
soGNkwHClAuhA@ya.ru,DELETE,2024-09-11 19:26:56
tRoEanxWwcWuN@mail.ru,READ,2024-09-11 13:22:44
tRoEanxWwcWuN@mail.ru,READ,2024-09-11 11:45:06
cWEyZxptozE@gmail.com,READ,2024-09-11 09:12:27
cWEyZxptozE@gmail.com,UPDATE,2024-09-11 16:02:12
soGNkwHClAuhA@ya.ru,READ,2024-09-11 19:16:32
cWEyZxptozE@gmail.com,READ,2024-09-11 13:30:24
XSadcLtdEJ@ya.ru,CREATE,2024-09-11 01:28:01
cWEyZxptozE@gmail.com,CREATE,2024-09-11 12:21:49
JwxEbCKPtznHb@gmail.com,CREATE,2024-09-11 05:10:12
tRoEanxWwcWuN@mail.ru,DELETE,2024-09-11 13:10:11
JwxEbCKPtznHb@gmail.com,UPDATE,2024-09-11 04:29:28
JMatzvyZV@gmail.com,UPDATE,2024-09-11 00:06:38
OiomyOMoC@mail.ru,READ,2024-09-11 14:41:39
VUoeShycSO@gmail.com,READ,2024-09-11 23:20:09
XSadcLtdEJ@ya.ru,DELETE,2024-09-11 06:46:56
AHFHYdCnEsJw@mail.ru,CREATE,2024-09-11 12:59:36
tRoEanxWwcWuN@mail.ru,CREATE,2024-09-11 08:38:57
XSadcLtdEJ@ya.ru,CREATE,2024-09-11 18:44:44
JwxEbCKPtznHb@gmail.com,DELETE,2024-09-11 05:03:55
soGNkwHClAuhA@ya.ru,CREATE,2024-09-11 17:07:09
AHFHYdCnEsJw@mail.ru,READ,2024-09-11 03:27:51
oNoPy@ya.ru,UPDATE,2024-09-11 08:25:06
AHFHYdCnEsJw@mail.ru,READ,2024-09-11 00:24:15
cWEyZxptozE@gmail.com,UPDATE,2024-09-11 04:44:31
cWEyZxptozE@gmail.com,CREATE,2024-09-11 13:49:25
JMatzvyZV@gmail.com,DELETE,2024-09-11 04:09:22
JwxEbCKPtznHb@gmail.com,CREATE,2024-09-11 06:16:47
OiomyOMoC@mail.ru,CREATE,2024-09-11 02:20:08
cWEyZxptozE@gmail.com,UPDATE,2024-09-11 01:54:25
JMatzvyZV@gmail.com,UPDATE,2024-09-11 12:17:02
soGNkwHClAuhA@ya.ru,READ,2024-09-11 20:30:18
soGNkwHClAuhA@ya.ru,DELETE,2024-09-11 17:33:38
oNoPy@ya.ru,CREATE,2024-09-11 15:52:38
soGNkwHClAuhA@ya.ru,UPDATE,2024-09-11 17:31:06
JMatzvyZV@gmail.com,UPDATE,2024-09-11 09:58:07
soGNkwHClAuhA@ya.ru,UPDATE,2024-09-11 19:08:47
VUoeShycSO@gmail.com,CREATE,2024-09-11 10:39:32
oNoPy@ya.ru,READ,2024-09-11 19:02:33
VUoeShycSO@gmail.com,CREATE,2024-09-11 12:37:15
tRoEanxWwcWuN@mail.ru,READ,2024-09-11 11:43:26
soGNkwHClAuhA@ya.ru,READ,2024-09-11 10:36:27
VUoeShycSO@gmail.com,READ,2024-09-11 13:47:36
VUoeShycSO@gmail.com,CREATE,2024-09-11 12:39:11
JwxEbCKPtznHb@gmail.com,UPDATE,2024-09-11 00:59:55
VUoeShycSO@gmail.com,DELETE,2024-09-11 17:41:59
OiomyOMoC@mail.ru,CREATE,2024-09-11 13:47:55
cWEyZxptozE@gmail.com,READ,2024-09-11 21:17:36
tRoEanxWwcWuN@mail.ru,CREATE,2024-09-11 06:07:16
JMatzvyZV@gmail.com,CREATE,2024-09-11 15:55:39
cWEyZxptozE@gmail.com,READ,2024-09-11 18:53:05
AHFHYdCnEsJw@mail.ru,CREATE,2024-09-11 21:18:21
AHFHYdCnEsJw@mail.ru,READ,2024-09-11 06:39:27
cWEyZxptozE@gmail.com,CREATE,2024-09-11 05:25:11
VUoeShycSO@gmail.com,DELETE,2024-09-11 17:04:28
tRoEanxWwcWuN@mail.ru,CREATE,2024-09-11 14:49:29
cWEyZxptozE@gmail.com,DELETE,2024-09-11 02:31:17
JwxEbCKPtznHb@gmail.com,UPDATE,2024-09-11 05:54:38
AHFHYdCnEsJw@mail.ru,READ,2024-09-11 07:37:46
AHFHYdCnEsJw@mail.ru,READ,2024-09-11 00:49:02
VUoeShycSO@gmail.com,DELETE,2024-09-11 17:13:09
XSadcLtdEJ@ya.ru,READ,2024-09-11 13:12:37
cWEyZxptozE@gmail.com,UPDATE,2024-09-11 00:23:17
cWEyZxptozE@gmail.com,UPDATE,2024-09-11 12:24:19
AHFHYdCnEsJw@mail.ru,READ,2024-09-11 16:21:34
JwxEbCKPtznHb@gmail.com,CREATE,2024-09-11 21:47:44
JwxEbCKPtznHb@gmail.com,CREATE,2024-09-11 19:45:50
AHFHYdCnEsJw@mail.ru,DELETE,2024-09-11 21:29:57
VUoeShycSO@gmail.com,CREATE,2024-09-11 20:29:02
JwxEbCKPtznHb@gmail.com,DELETE,2024-09-11 20:56:12
OiomyOMoC@mail.ru,READ,2024-09-11 11:55:13
JwxEbCKPtznHb@gmail.com,CREATE,2024-09-11 01:33:41
oNoPy@ya.ru,DELETE,2024-09-11 13:48:02
JwxEbCKPtznHb@gmail.com,READ,2024-09-11 07:07:54
cWEyZxptozE@gmail.com,DELETE,2024-09-11 00:00:18
JwxEbCKPtznHb@gmail.com,CREATE,2024-09-11 03:05:55
JMatzvyZV@gmail.com,DELETE,2024-09-11 10:25:42
tRoEanxWwcWuN@mail.ru,UPDATE,2024-09-11 08:55:57
soGNkwHClAuhA@ya.ru,UPDATE,2024-09-11 16:38:55
AHFHYdCnEsJw@mail.ru,UPDATE,2024-09-11 02:54:25
OiomyOMoC@mail.ru,CREATE,2024-09-11 19:23:58
soGNkwHClAuhA@ya.ru,DELETE,2024-09-11 06:53:17
OiomyOMoC@mail.ru,DELETE,2024-09-11 22:37:54
JMatzvyZV@gmail.com,CREATE,2024-09-11 21:34:50
cWEyZxptozE@gmail.com,UPDATE,2024-09-11 22:25:52
OiomyOMoC@mail.ru,UPDATE,2024-09-11 23:56:40
tRoEanxWwcWuN@mail.ru,CREATE,2024-09-11 14:32:55
OiomyOMoC@mail.ru,READ,2024-09-11 19:25:52
JwxEbCKPtznHb@gmail.com,DELETE,2024-09-11 05:06:28
XSadcLtdEJ@ya.ru,DELETE,2024-09-11 10:51:50
oNoPy@ya.ru,UPDATE,2024-09-11 23:54:42
oNoPy@ya.ru,UPDATE,2024-09-11 13:32:32
soGNkwHClAuhA@ya.ru,READ,2024-09-11 10:53:09
soGNkwHClAuhA@ya.ru,CREATE,2024-09-11 19:59:26
XSadcLtdEJ@ya.ru,DELETE,2024-09-11 13:21:21
JwxEbCKPtznHb@gmail.com,UPDATE,2024-09-11 23:15:00
XSadcLtdEJ@ya.ru,UPDATE,2024-09-11 16:15:58
soGNkwHClAuhA@ya.ru,UPDATE,2024-09-11 08:13:48
XSadcLtdEJ@ya.ru,DELETE,2024-09-11 15:47:16
JMatzvyZV@gmail.com,UPDATE,2024-09-11 22:01:11
VUoeShycSO@gmail.com,DELETE,2024-09-11 09:21:15
oNoPy@ya.ru,DELETE,2024-09-11 12:36:18
AHFHYdCnEsJw@mail.ru,UPDATE,2024-09-11 04:37:58
cWEyZxptozE@gmail.com,READ,2024-09-11 04:51:47
cWEyZxptozE@gmail.com,CREATE,2024-09-11 13:54:26
AHFHYdCnEsJw@mail.ru,UPDATE,2024-09-11 02:07:58
oNoPy@ya.ru,UPDATE,2024-09-11 02:26:56
cWEyZxptozE@gmail.com,CREATE,2024-09-11 01:18:51
AHFHYdCnEsJw@mail.ru,UPDATE,2024-09-11 02:19:59
JwxEbCKPtznHb@gmail.com,CREATE,2024-09-11 08:48:46
soGNkwHClAuhA@ya.ru,DELETE,2024-09-11 20:22:26
OiomyOMoC@mail.ru,UPDATE,2024-09-11 12:47:38
AHFHYdCnEsJw@mail.ru,READ,2024-09-11 14:10:28
OiomyOMoC@mail.ru,DELETE,2024-09-11 06:13:24
tRoEanxWwcWuN@mail.ru,CREATE,2024-09-11 22:25:29
soGNkwHClAuhA@ya.ru,DELETE,2024-09-11 22:19:12
oNoPy@ya.ru,DELETE,2024-09-11 23:59:05
JwxEbCKPtznHb@gmail.com,READ,2024-09-11 01:22:04
oNoPy@ya.ru,DELETE,2024-09-11 11:36:23
JwxEbCKPtznHb@gmail.com,UPDATE,2024-09-11 21:47:21
oNoPy@ya.ru,READ,2024-09-11 14:33:54
XSadcLtdEJ@ya.ru,READ,2024-09-11 05:01:56
oNoPy@ya.ru,UPDATE,2024-09-11 11:30:48
AHFHYdCnEsJw@mail.ru,UPDATE,2024-09-11 18:08:43
XSadcLtdEJ@ya.ru,READ,2024-09-11 11:40:25
VUoeShycSO@gmail.com,CREATE,2024-09-11 19:08:25
JwxEbCKPtznHb@gmail.com,UPDATE,2024-09-11 19:58:48
JMatzvyZV@gmail.com,DELETE,2024-09-11 02:45:42
VUoeShycSO@gmail.com,UPDATE,2024-09-11 05:25:20
JwxEbCKPtznHb@gmail.com,UPDATE,2024-09-11 11:46:04
OiomyOMoC@mail.ru,READ,2024-09-11 05:08:17
OiomyOMoC@mail.ru,UPDATE,2024-09-11 13:32:37
cWEyZxptozE@gmail.com,UPDATE,2024-09-11 12:15:12
OiomyOMoC@mail.ru,READ,2024-09-11 19:10:14
OiomyOMoC@mail.ru,UPDATE,2024-09-11 19:51:28
AHFHYdCnEsJw@mail.ru,CREATE,2024-09-11 04:00:28
oNoPy@ya.ru,UPDATE,2024-09-11 05:13:40
JwxEbCKPtznHb@gmail.com,READ,2024-09-11 18:56:32
VUoeShycSO@gmail.com,UPDATE,2024-09-11 03:29:01
AHFHYdCnEsJw@mail.ru,READ,2024-09-11 14:15:28
JwxEbCKPtznHb@gmail.com,UPDATE,2024-09-11 17:42:00
tRoEanxWwcWuN@mail.ru,DELETE,2024-09-11 02:04:35
AHFHYdCnEsJw@mail.ru,DELETE,2024-09-11 08:36:48
XSadcLtdEJ@ya.ru,READ,2024-09-11 23:28:30
oNoPy@ya.ru,CREATE,2024-09-11 11:40:06
VUoeShycSO@gmail.com,CREATE,2024-09-11 03:05:58
XSadcLtdEJ@ya.ru,DELETE,2024-09-11 16:33:18
JMatzvyZV@gmail.com,CREATE,2024-09-11 22:25:58
VUoeShycSO@gmail.com,DELETE,2024-09-11 15:34:19
OiomyOMoC@mail.ru,UPDATE,2024-09-11 18:22:41
JwxEbCKPtznHb@gmail.com,CREATE,2024-09-11 18:45:46
XSadcLtdEJ@ya.ru,DELETE,2024-09-11 16:31:03
tRoEanxWwcWuN@mail.ru,DELETE,2024-09-11 10:40:37
oNoPy@ya.ru,READ,2024-09-11 19:42:05
oNoPy@ya.ru,UPDATE,2024-09-11 10:06:51
OiomyOMoC@mail.ru,DELETE,2024-09-11 07:12:12
oNoPy@ya.ru,CREATE,2024-09-11 13:59:02
XSadcLtdEJ@ya.ru,UPDATE,2024-09-11 13:26:51
soGNkwHClAuhA@ya.ru,DELETE,2024-09-11 19:47:11
oNoPy@ya.ru,READ,2024-09-11 21:38:25
JMatzvyZV@gmail.com,UPDATE,2024-09-11 11:52:56
soGNkwHClAuhA@ya.ru,DELETE,2024-09-11 22:54:46
AHFHYdCnEsJw@mail.ru,UPDATE,2024-09-11 11:57:45
VUoeShycSO@gmail.com,READ,2024-09-11 03:31:19
OiomyOMoC@mail.ru,CREATE,2024-09-11 02:38:37
tRoEanxWwcWuN@mail.ru,UPDATE,2024-09-11 20:02:18
cWEyZxptozE@gmail.com,DELETE,2024-09-11 08:52:03
XSadcLtdEJ@ya.ru,DELETE,2024-09-11 10:39:37
tRoEanxWwcWuN@mail.ru,DELETE,2024-09-11 14:15:03
VUoeShycSO@gmail.com,CREATE,2024-09-11 09:00:09
tRoEanxWwcWuN@mail.ru,DELETE,2024-09-11 22:43:34
JMatzvyZV@gmail.com,READ,2024-09-11 13:31:14
JwxEbCKPtznHb@gmail.com,DELETE,2024-09-11 21:44:26
soGNkwHClAuhA@ya.ru,CREATE,2024-09-11 00:32:25
soGNkwHClAuhA@ya.ru,READ,2024-09-11 13:00:11
AHFHYdCnEsJw@mail.ru,DELETE,2024-09-11 11:39:53
tRoEanxWwcWuN@mail.ru,UPDATE,2024-09-11 17:50:05
soGNkwHClAuhA@ya.ru,CREATE,2024-09-11 21:57:01
tRoEanxWwcWuN@mail.ru,CREATE,2024-09-11 16:30:34
cWEyZxptozE@gmail.com,CREATE,2024-09-11 00:39:26
JwxEbCKPtznHb@gmail.com,DELETE,2024-09-11 16:30:19
oNoPy@ya.ru,READ,2024-09-11 03:53:02
soGNkwHClAuhA@ya.ru,READ,2024-09-11 04:39:04
soGNkwHClAuhA@ya.ru,READ,2024-09-11 04:08:22
VUoeShycSO@gmail.com,DELETE,2024-09-11 10:09:14
AHFHYdCnEsJw@mail.ru,READ,2024-09-11 18:01:35
JwxEbCKPtznHb@gmail.com,READ,2024-09-11 00:08:36
JwxEbCKPtznHb@gmail.com,DELETE,2024-09-11 12:17:43
cWEyZxptozE@gmail.com,CREATE,2024-09-11 09:30:59
oNoPy@ya.ru,DELETE,2024-09-11 17:22:01
OiomyOMoC@mail.ru,DELETE,2024-09-11 04:42:28
OiomyOMoC@mail.ru,DELETE,2024-09-11 04:44:15
JwxEbCKPtznHb@gmail.com,DELETE,2024-09-11 17:48:16
VUoeShycSO@gmail.com,DELETE,2024-09-11 14:56:50
VUoeShycSO@gmail.com,UPDATE,2024-09-11 11:29:26
cWEyZxptozE@gmail.com,UPDATE,2024-09-11 19:40:35
OiomyOMoC@mail.ru,UPDATE,2024-09-11 06:11:14
AHFHYdCnEsJw@mail.ru,CREATE,2024-09-11 02:05:35
VUoeShycSO@gmail.com,READ,2024-09-11 15:37:12
XSadcLtdEJ@ya.ru,READ,2024-09-11 04:30:42
XSadcLtdEJ@ya.ru,UPDATE,2024-09-11 10:16:01
JwxEbCKPtznHb@gmail.com,DELETE,2024-09-11 01:42:40
soGNkwHClAuhA@ya.ru,UPDATE,2024-09-11 21:41:11
JwxEbCKPtznHb@gmail.com,DELETE,2024-09-11 23:30:15
soGNkwHClAuhA@ya.ru,CREATE,2024-09-11 14:32:32
JwxEbCKPtznHb@gmail.com,READ,2024-09-11 12:25:48
JwxEbCKPtznHb@gmail.com,READ,2024-09-11 00:56:29
XSadcLtdEJ@ya.ru,UPDATE,2024-09-11 12:52:53
AHFHYdCnEsJw@mail.ru,READ,2024-09-11 15:09:08
soGNkwHClAuhA@ya.ru,CREATE,2024-09-11 06:49:26
AHFHYdCnEsJw@mail.ru,DELETE,2024-09-11 05:17:55
cWEyZxptozE@gmail.com,READ,2024-09-11 01:18:57
VUoeShycSO@gmail.com,CREATE,2024-09-11 14:37:29
cWEyZxptozE@gmail.com,CREATE,2024-09-11 07:56:37
cWEyZxptozE@gmail.com,CREATE,2024-09-11 17:29:19
oNoPy@ya.ru,DELETE,2024-09-11 10:01:21
cWEyZxptozE@gmail.com,DELETE,2024-09-11 13:35:21
AHFHYdCnEsJw@mail.ru,DELETE,2024-09-11 00:05:47
JwxEbCKPtznHb@gmail.com,READ,2024-09-11 21:44:48
XSadcLtdEJ@ya.ru,UPDATE,2024-09-11 07:13:05
JwxEbCKPtznHb@gmail.com,READ,2024-09-11 08:53:04
AHFHYdCnEsJw@mail.ru,CREATE,2024-09-11 18:41:03
AHFHYdCnEsJw@mail.ru,UPDATE,2024-09-11 06:02:04
JMatzvyZV@gmail.com,READ,2024-09-11 14:07:33
VUoeShycSO@gmail.com,DELETE,2024-09-11 10:27:12
soGNkwHClAuhA@ya.ru,UPDATE,2024-09-11 06:12:50
XSadcLtdEJ@ya.ru,UPDATE,2024-09-11 00:34:55
JMatzvyZV@gmail.com,UPDATE,2024-09-11 06:35:50
tRoEanxWwcWuN@mail.ru,UPDATE,2024-09-11 16:24:55
JMatzvyZV@gmail.com,READ,2024-09-11 09:20:46
tRoEanxWwcWuN@mail.ru,READ,2024-09-11 10:49:50
JwxEbCKPtznHb@gmail.com,UPDATE,2024-09-11 18:14:02
OiomyOMoC@mail.ru,DELETE,2024-09-11 10:29:08
JMatzvyZV@gmail.com,CREATE,2024-09-11 16:03:27
oNoPy@ya.ru,DELETE,2024-09-11 04:55:38
OiomyOMoC@mail.ru,CREATE,2024-09-11 12:21:27
oNoPy@ya.ru,UPDATE,2024-09-11 15:54:16
VUoeShycSO@gmail.com,READ,2024-09-11 15:03:13
OiomyOMoC@mail.ru,CREATE,2024-09-11 00:17:33
OiomyOMoC@mail.ru,DELETE,2024-09-11 08:10:49
VUoeShycSO@gmail.com,READ,2024-09-11 12:47:13
JwxEbCKPtznHb@gmail.com,READ,2024-09-11 09:16:23
tRoEanxWwcWuN@mail.ru,UPDATE,2024-09-11 18:56:30
soGNkwHClAuhA@ya.ru,UPDATE,2024-09-11 00:58:31
JwxEbCKPtznHb@gmail.com,DELETE,2024-09-11 06:10:56
JwxEbCKPtznHb@gmail.com,DELETE,2024-09-11 10:51:57
XSadcLtdEJ@ya.ru,CREATE,2024-09-11 12:35:43
JMatzvyZV@gmail.com,CREATE,2024-09-11 12:41:28
soGNkwHClAuhA@ya.ru,CREATE,2024-09-11 09:10:21
tRoEanxWwcWuN@mail.ru,DELETE,2024-09-11 08:22:53
oNoPy@ya.ru,READ,2024-09-11 05:15:13
XSadcLtdEJ@ya.ru,DELETE,2024-09-11 10:39:17
JMatzvyZV@gmail.com,CREATE,2024-09-11 21:04:58
AHFHYdCnEsJw@mail.ru,READ,2024-09-11 03:50:24
oNoPy@ya.ru,DELETE,2024-09-11 05:22:36
VUoeShycSO@gmail.com,DELETE,2024-09-11 03:38:12
AHFHYdCnEsJw@mail.ru,UPDATE,2024-09-11 21:24:48
soGNkwHClAuhA@ya.ru,READ,2024-09-11 07:50:11
JwxEbCKPtznHb@gmail.com,CREATE,2024-09-11 05:46:19
soGNkwHClAuhA@ya.ru,CREATE,2024-09-11 22:39:05
oNoPy@ya.ru,DELETE,2024-09-11 19:00:42
soGNkwHClAuhA@ya.ru,DELETE,2024-09-11 01:40:51
JwxEbCKPtznHb@gmail.com,UPDATE,2024-09-11 18:46:32
JwxEbCKPtznHb@gmail.com,READ,2024-09-11 18:19:35
soGNkwHClAuhA@ya.ru,UPDATE,2024-09-11 08:01:32
XSadcLtdEJ@ya.ru,UPDATE,2024-09-11 11:21:49
soGNkwHClAuhA@ya.ru,DELETE,2024-09-11 16:07:45
XSadcLtdEJ@ya.ru,CREATE,2024-09-11 18:26:49
OiomyOMoC@mail.ru,DELETE,2024-09-11 14:41:17
tRoEanxWwcWuN@mail.ru,CREATE,2024-09-11 06:51:33
cWEyZxptozE@gmail.com,READ,2024-09-11 10:33:36
tRoEanxWwcWuN@mail.ru,UPDATE,2024-09-11 22:32:46
JMatzvyZV@gmail.com,READ,2024-09-11 01:03:26
oNoPy@ya.ru,UPDATE,2024-09-11 12:31:06
oNoPy@ya.ru,UPDATE,2024-09-11 09:14:03
JwxEbCKPtznHb@gmail.com,DELETE,2024-09-11 21:02:07
OiomyOMoC@mail.ru,READ,2024-09-11 09:22:21
oNoPy@ya.ru,CREATE,2024-09-11 15:14:28
JwxEbCKPtznHb@gmail.com,DELETE,2024-09-11 21:19:45
VUoeShycSO@gmail.com,CREATE,2024-09-11 04:31:13
cWEyZxptozE@gmail.com,CREATE,2024-09-11 07:43:31
VUoeShycSO@gmail.com,DELETE,2024-09-11 10:46:11
oNoPy@ya.ru,READ,2024-09-11 13:16:03
JMatzvyZV@gmail.com,DELETE,2024-09-11 03:15:58
JwxEbCKPtznHb@gmail.com,READ,2024-09-11 20:24:01
JwxEbCKPtznHb@gmail.com,READ,2024-09-11 05:47:28
VUoeShycSO@gmail.com,DELETE,2024-09-11 12:22:07
cWEyZxptozE@gmail.com,UPDATE,2024-09-11 04:37:44
XSadcLtdEJ@ya.ru,DELETE,2024-09-11 08:56:34
cWEyZxptozE@gmail.com,CREATE,2024-09-11 00:43:09
cWEyZxptozE@gmail.com,READ,2024-09-11 15:36:21
JwxEbCKPtznHb@gmail.com,DELETE,2024-09-11 18:15:19
oNoPy@ya.ru,DELETE,2024-09-11 03:22:08
VUoeShycSO@gmail.com,READ,2024-09-11 23:35:07
JMatzvyZV@gmail.com,CREATE,2024-09-11 13:17:16
JMatzvyZV@gmail.com,UPDATE,2024-09-11 05:09:25
JwxEbCKPtznHb@gmail.com,CREATE,2024-09-11 23:37:20
JMatzvyZV@gmail.com,READ,2024-09-11 13:07:48
oNoPy@ya.ru,READ,2024-09-11 17:04:16
oNoPy@ya.ru,CREATE,2024-09-11 16:45:05
oNoPy@ya.ru,CREATE,2024-09-11 15:42:29
cWEyZxptozE@gmail.com,CREATE,2024-09-11 21:08:46
OiomyOMoC@mail.ru,READ,2024-09-11 22:40:41
cWEyZxptozE@gmail.com,CREATE,2024-09-11 11:40:47
AHFHYdCnEsJw@mail.ru,DELETE,2024-09-11 11:37:24
AHFHYdCnEsJw@mail.ru,CREATE,2024-09-11 12:53:12
oNoPy@ya.ru,DELETE,2024-09-11 13:23:35
oNoPy@ya.ru,READ,2024-09-11 10:07:54
tRoEanxWwcWuN@mail.ru,UPDATE,2024-09-11 13:14:54
cWEyZxptozE@gmail.com,READ,2024-09-11 02:21:21
JMatzvyZV@gmail.com,READ,2024-09-11 22:04:02
VUoeShycSO@gmail.com,CREATE,2024-09-11 15:09:13
tRoEanxWwcWuN@mail.ru,READ,2024-09-11 10:38:09
VUoeShycSO@gmail.com,DELETE,2024-09-11 23:12:38
JwxEbCKPtznHb@gmail.com,READ,2024-09-11 17:18:52
oNoPy@ya.ru,READ,2024-09-11 01:08:16
oNoPy@ya.ru,DELETE,2024-09-11 08:04:30
tRoEanxWwcWuN@mail.ru,READ,2024-09-11 04:41:29
VUoeShycSO@gmail.com,UPDATE,2024-09-11 20:41:50
AHFHYdCnEsJw@mail.ru,CREATE,2024-09-11 08:28:34
oNoPy@ya.ru,DELETE,2024-09-11 22:50:20
VUoeShycSO@gmail.com,UPDATE,2024-09-11 04:19:38
soGNkwHClAuhA@ya.ru,DELETE,2024-09-11 10:28:30
AHFHYdCnEsJw@mail.ru,DELETE,2024-09-11 09:03:28
soGNkwHClAuhA@ya.ru,DELETE,2024-09-11 21:19:40
JwxEbCKPtznHb@gmail.com,UPDATE,2024-09-11 17:20:43
AHFHYdCnEsJw@mail.ru,READ,2024-09-11 23:26:25
cWEyZxptozE@gmail.com,DELETE,2024-09-11 18:26:21
AHFHYdCnEsJw@mail.ru,READ,2024-09-11 01:22:08
tRoEanxWwcWuN@mail.ru,READ,2024-09-11 03:18:30
AHFHYdCnEsJw@mail.ru,CREATE,2024-09-11 01:33:03
AHFHYdCnEsJw@mail.ru,DELETE,2024-09-11 18:16:30
JMatzvyZV@gmail.com,READ,2024-09-11 15:05:12
JwxEbCKPtznHb@gmail.com,DELETE,2024-09-11 16:40:07
VUoeShycSO@gmail.com,CREATE,2024-09-11 14:39:24
tRoEanxWwcWuN@mail.ru,DELETE,2024-09-11 05:12:28
VUoeShycSO@gmail.com,UPDATE,2024-09-11 09:03:36
cWEyZxptozE@gmail.com,READ,2024-09-11 21:37:04
soGNkwHClAuhA@ya.ru,DELETE,2024-09-11 10:35:55
OiomyOMoC@mail.ru,CREATE,2024-09-11 22:07:28
tRoEanxWwcWuN@mail.ru,DELETE,2024-09-11 10:25:53
soGNkwHClAuhA@ya.ru,READ,2024-09-11 21:50:16
JMatzvyZV@gmail.com,CREATE,2024-09-11 18:59:41
soGNkwHClAuhA@ya.ru,READ,2024-09-11 03:17:34
XSadcLtdEJ@ya.ru,CREATE,2024-09-11 22:23:45
OiomyOMoC@mail.ru,DELETE,2024-09-11 12:47:12
OiomyOMoC@mail.ru,DELETE,2024-09-11 08:30:07
soGNkwHClAuhA@ya.ru,UPDATE,2024-09-11 18:14:49
XSadcLtdEJ@ya.ru,CREATE,2024-09-11 20:39:19
JwxEbCKPtznHb@gmail.com,UPDATE,2024-09-11 15:42:53
tRoEanxWwcWuN@mail.ru,READ,2024-09-11 22:24:09
OiomyOMoC@mail.ru,CREATE,2024-09-11 03:32:34
VUoeShycSO@gmail.com,UPDATE,2024-09-11 19:27:37
oNoPy@ya.ru,READ,2024-09-11 07:18:39
oNoPy@ya.ru,CREATE,2024-09-11 18:19:15
soGNkwHClAuhA@ya.ru,DELETE,2024-09-11 12:13:13
tRoEanxWwcWuN@mail.ru,UPDATE,2024-09-11 05:35:33
VUoeShycSO@gmail.com,CREATE,2024-09-11 19:45:12
AHFHYdCnEsJw@mail.ru,READ,2024-09-11 17:54:38
VUoeShycSO@gmail.com,DELETE,2024-09-11 11:56:20
XSadcLtdEJ@ya.ru,CREATE,2024-09-11 20:31:13
VUoeShycSO@gmail.com,DELETE,2024-09-11 18:05:49
JMatzvyZV@gmail.com,UPDATE,2024-09-11 09:37:42
JwxEbCKPtznHb@gmail.com,UPDATE,2024-09-11 08:00:04
cWEyZxptozE@gmail.com,CREATE,2024-09-11 20:21:01
JwxEbCKPtznHb@gmail.com,READ,2024-09-11 20:28:35
AHFHYdCnEsJw@mail.ru,READ,2024-09-11 00:38:07
AHFHYdCnEsJw@mail.ru,CREATE,2024-09-11 23:04:39
JwxEbCKPtznHb@gmail.com,CREATE,2024-09-11 18:21:11
JMatzvyZV@gmail.com,CREATE,2024-09-11 15:36:51
JMatzvyZV@gmail.com,DELETE,2024-09-11 21:39:21
AHFHYdCnEsJw@mail.ru,READ,2024-09-11 14:51:51
XSadcLtdEJ@ya.ru,UPDATE,2024-09-11 19:32:22
soGNkwHClAuhA@ya.ru,UPDATE,2024-09-11 16:21:08
cWEyZxptozE@gmail.com,READ,2024-09-11 00:00:05
VUoeShycSO@gmail.com,CREATE,2024-09-11 00:00:27
cWEyZxptozE@gmail.com,DELETE,2024-09-11 18:34:02
VUoeShycSO@gmail.com,CREATE,2024-09-11 07:54:48
AHFHYdCnEsJw@mail.ru,DELETE,2024-09-11 06:06:03
JMatzvyZV@gmail.com,UPDATE,2024-09-11 07:53:44
XSadcLtdEJ@ya.ru,READ,2024-09-11 00:13:08
XSadcLtdEJ@ya.ru,UPDATE,2024-09-11 05:41:20
XSadcLtdEJ@ya.ru,READ,2024-09-11 22:53:59
tRoEanxWwcWuN@mail.ru,UPDATE,2024-09-11 16:50:32
AHFHYdCnEsJw@mail.ru,READ,2024-09-11 17:12:52
JMatzvyZV@gmail.com,DELETE,2024-09-11 12:02:05
tRoEanxWwcWuN@mail.ru,READ,2024-09-11 11:26:49
VUoeShycSO@gmail.com,DELETE,2024-09-11 18:14:39
VUoeShycSO@gmail.com,CREATE,2024-09-11 21:57:48
soGNkwHClAuhA@ya.ru,CREATE,2024-09-11 01:08:41
OiomyOMoC@mail.ru,DELETE,2024-09-11 18:46:20
tRoEanxWwcWuN@mail.ru,CREATE,2024-09-11 15:14:01
AHFHYdCnEsJw@mail.ru,DELETE,2024-09-11 05:23:31
JwxEbCKPtznHb@gmail.com,DELETE,2024-09-11 01:53:05
JMatzvyZV@gmail.com,DELETE,2024-09-11 08:02:51
oNoPy@ya.ru,CREATE,2024-09-11 08:28:24
soGNkwHClAuhA@ya.ru,CREATE,2024-09-11 02:12:10
JwxEbCKPtznHb@gmail.com,READ,2024-09-11 21:21:35
cWEyZxptozE@gmail.com,DELETE,2024-09-11 19:38:00
soGNkwHClAuhA@ya.ru,CREATE,2024-09-11 11:17:58
XSadcLtdEJ@ya.ru,DELETE,2024-09-11 06:41:32
soGNkwHClAuhA@ya.ru,DELETE,2024-09-11 12:38:33
soGNkwHClAuhA@ya.ru,READ,2024-09-11 18:32:35
VUoeShycSO@gmail.com,UPDATE,2024-09-11 03:36:42
JwxEbCKPtznHb@gmail.com,DELETE,2024-09-11 07:33:48
AHFHYdCnEsJw@mail.ru,UPDATE,2024-09-11 18:22:28
soGNkwHClAuhA@ya.ru,CREATE,2024-09-11 18:51:21
oNoPy@ya.ru,UPDATE,2024-09-11 01:15:08
soGNkwHClAuhA@ya.ru,UPDATE,2024-09-11 00:41:45
JMatzvyZV@gmail.com,DELETE,2024-09-11 11:58:56
XSadcLtdEJ@ya.ru,UPDATE,2024-09-11 11:18:54
oNoPy@ya.ru,CREATE,2024-09-11 01:44:51
soGNkwHClAuhA@ya.ru,UPDATE,2024-09-11 21:44:44
tRoEanxWwcWuN@mail.ru,UPDATE,2024-09-11 02:29:35
AHFHYdCnEsJw@mail.ru,UPDATE,2024-09-11 06:30:17
soGNkwHClAuhA@ya.ru,UPDATE,2024-09-11 11:32:29
cWEyZxptozE@gmail.com,DELETE,2024-09-11 05:26:11
VUoeShycSO@gmail.com,UPDATE,2024-09-11 18:04:44
soGNkwHClAuhA@ya.ru,DELETE,2024-09-11 08:56:44
JwxEbCKPtznHb@gmail.com,READ,2024-09-11 09:49:27
VUoeShycSO@gmail.com,READ,2024-09-11 10:24:09
XSadcLtdEJ@ya.ru,CREATE,2024-09-11 04:10:22
AHFHYdCnEsJw@mail.ru,CREATE,2024-09-11 21:02:06
tRoEanxWwcWuN@mail.ru,CREATE,2024-09-11 09:43:33
XSadcLtdEJ@ya.ru,READ,2024-09-11 19:20:17
JMatzvyZV@gmail.com,UPDATE,2024-09-11 21:34:23
XSadcLtdEJ@ya.ru,CREATE,2024-09-11 06:56:07
XSadcLtdEJ@ya.ru,UPDATE,2024-09-11 19:38:28
OiomyOMoC@mail.ru,DELETE,2024-09-11 22:27:41
oNoPy@ya.ru,UPDATE,2024-09-11 02:00:30
tRoEanxWwcWuN@mail.ru,READ,2024-09-11 06:47:45
oNoPy@ya.ru,CREATE,2024-09-11 14:37:44
oNoPy@ya.ru,READ,2024-09-11 17:24:30
tRoEanxWwcWuN@mail.ru,DELETE,2024-09-11 21:32:01
cWEyZxptozE@gmail.com,CREATE,2024-09-11 09:50:31
JMatzvyZV@gmail.com,DELETE,2024-09-11 15:42:09
oNoPy@ya.ru,READ,2024-09-11 09:08:52
oNoPy@ya.ru,READ,2024-09-11 08:39:24
JwxEbCKPtznHb@gmail.com,DELETE,2024-09-11 03:21:21
oNoPy@ya.ru,DELETE,2024-09-11 18:22:20
cWEyZxptozE@gmail.com,UPDATE,2024-09-11 18:11:09
XSadcLtdEJ@ya.ru,READ,2024-09-11 00:07:54
VUoeShycSO@gmail.com,READ,2024-09-11 00:16:58
tRoEanxWwcWuN@mail.ru,CREATE,2024-09-11 13:53:18
JMatzvyZV@gmail.com,CREATE,2024-09-11 14:26:47
soGNkwHClAuhA@ya.ru,UPDATE,2024-09-11 22:17:04
JwxEbCKPtznHb@gmail.com,READ,2024-09-11 09:37:36
oNoPy@ya.ru,READ,2024-09-11 05:52:27
soGNkwHClAuhA@ya.ru,DELETE,2024-09-11 11:37:59
cWEyZxptozE@gmail.com,READ,2024-09-11 14:48:43
XSadcLtdEJ@ya.ru,DELETE,2024-09-11 13:53:58
tRoEanxWwcWuN@mail.ru,UPDATE,2024-09-11 09:37:29
soGNkwHClAuhA@ya.ru,READ,2024-09-11 11:07:57
OiomyOMoC@mail.ru,DELETE,2024-09-11 22:10:02
XSadcLtdEJ@ya.ru,READ,2024-09-11 09:50:49
soGNkwHClAuhA@ya.ru,DELETE,2024-09-11 07:51:05
AHFHYdCnEsJw@mail.ru,DELETE,2024-09-11 17:01:06
tRoEanxWwcWuN@mail.ru,DELETE,2024-09-11 13:29:40
AHFHYdCnEsJw@mail.ru,UPDATE,2024-09-11 04:41:21
JwxEbCKPtznHb@gmail.com,READ,2024-09-11 14:38:21
cWEyZxptozE@gmail.com,UPDATE,2024-09-11 19:00:20
JMatzvyZV@gmail.com,UPDATE,2024-09-11 05:48:44
JwxEbCKPtznHb@gmail.com,READ,2024-09-11 08:28:52
oNoPy@ya.ru,CREATE,2024-09-11 21:35:31
JMatzvyZV@gmail.com,DELETE,2024-09-11 17:39:51
soGNkwHClAuhA@ya.ru,CREATE,2024-09-11 12:17:49
JwxEbCKPtznHb@gmail.com,UPDATE,2024-09-11 21:18:16
JMatzvyZV@gmail.com,READ,2024-09-11 00:30:49
tRoEanxWwcWuN@mail.ru,READ,2024-09-11 20:17:01
AHFHYdCnEsJw@mail.ru,DELETE,2024-09-11 01:10:16
AHFHYdCnEsJw@mail.ru,CREATE,2024-09-11 10:23:30
tRoEanxWwcWuN@mail.ru,READ,2024-09-11 02:24:15
tRoEanxWwcWuN@mail.ru,READ,2024-09-11 10:51:26
JMatzvyZV@gmail.com,READ,2024-09-11 07:53:12
JMatzvyZV@gmail.com,DELETE,2024-09-11 10:34:31
cWEyZxptozE@gmail.com,READ,2024-09-11 11:16:04
JwxEbCKPtznHb@gmail.com,READ,2024-09-11 01:13:11
soGNkwHClAuhA@ya.ru,UPDATE,2024-09-11 15:03:44
cWEyZxptozE@gmail.com,READ,2024-09-11 09:59:42
oNoPy@ya.ru,READ,2024-09-11 09:59:16
JMatzvyZV@gmail.com,CREATE,2024-09-11 14:57:22
oNoPy@ya.ru,CREATE,2024-09-11 06:05:50
VUoeShycSO@gmail.com,CREATE,2024-09-11 18:28:27
XSadcLtdEJ@ya.ru,CREATE,2024-09-11 21:25:59
VUoeShycSO@gmail.com,UPDATE,2024-09-11 11:18:22
JMatzvyZV@gmail.com,CREATE,2024-09-11 05:20:32
oNoPy@ya.ru,UPDATE,2024-09-11 17:27:55
OiomyOMoC@mail.ru,DELETE,2024-09-11 10:54:10
tRoEanxWwcWuN@mail.ru,UPDATE,2024-09-11 07:15:35
VUoeShycSO@gmail.com,CREATE,2024-09-11 19:51:02
soGNkwHClAuhA@ya.ru,CREATE,2024-09-11 00:57:40
XSadcLtdEJ@ya.ru,READ,2024-09-11 02:45:23
XSadcLtdEJ@ya.ru,READ,2024-09-11 19:38:15
JMatzvyZV@gmail.com,DELETE,2024-09-11 05:36:49
XSadcLtdEJ@ya.ru,READ,2024-09-11 04:33:44
XSadcLtdEJ@ya.ru,CREATE,2024-09-11 20:14:56
JMatzvyZV@gmail.com,UPDATE,2024-09-11 21:23:10
XSadcLtdEJ@ya.ru,CREATE,2024-09-11 03:25:30
soGNkwHClAuhA@ya.ru,UPDATE,2024-09-11 13:03:55
XSadcLtdEJ@ya.ru,CREATE,2024-09-11 21:57:53
VUoeShycSO@gmail.com,READ,2024-09-11 05:16:38
VUoeShycSO@gmail.com,CREATE,2024-09-11 10:14:29
oNoPy@ya.ru,UPDATE,2024-09-11 01:07:52
JwxEbCKPtznHb@gmail.com,DELETE,2024-09-11 02:53:19
AHFHYdCnEsJw@mail.ru,CREATE,2024-09-11 06:36:14
tRoEanxWwcWuN@mail.ru,UPDATE,2024-09-11 23:17:27
tRoEanxWwcWuN@mail.ru,UPDATE,2024-09-11 16:00:23
cWEyZxptozE@gmail.com,UPDATE,2024-09-11 08:19:44
AHFHYdCnEsJw@mail.ru,CREATE,2024-09-11 04:36:04
oNoPy@ya.ru,CREATE,2024-09-11 00:32:36
cWEyZxptozE@gmail.com,UPDATE,2024-09-11 00:56:22
VUoeShycSO@gmail.com,UPDATE,2024-09-11 04:45:51
cWEyZxptozE@gmail.com,UPDATE,2024-09-11 22:02:53
OiomyOMoC@mail.ru,CREATE,2024-09-11 21:02:42
cWEyZxptozE@gmail.com,UPDATE,2024-09-11 15:17:30
VUoeShycSO@gmail.com,DELETE,2024-09-11 04:34:30
JwxEbCKPtznHb@gmail.com,CREATE,2024-09-11 13:21:53
VUoeShycSO@gmail.com,DELETE,2024-09-11 15:28:28
cWEyZxptozE@gmail.com,DELETE,2024-09-11 00:35:47
soGNkwHClAuhA@ya.ru,UPDATE,2024-09-11 21:24:27
OiomyOMoC@mail.ru,CREATE,2024-09-11 02:42:35
OiomyOMoC@mail.ru,DELETE,2024-09-11 11:31:47
JMatzvyZV@gmail.com,UPDATE,2024-09-11 04:03:13
soGNkwHClAuhA@ya.ru,UPDATE,2024-09-11 08:52:55
AHFHYdCnEsJw@mail.ru,READ,2024-09-11 04:56:19
OiomyOMoC@mail.ru,DELETE,2024-09-11 22:51:24
JMatzvyZV@gmail.com,DELETE,2024-09-11 14:40:51
cWEyZxptozE@gmail.com,CREATE,2024-09-11 20:06:44
cWEyZxptozE@gmail.com,READ,2024-09-11 19:32:11
tRoEanxWwcWuN@mail.ru,UPDATE,2024-09-11 09:15:47
JMatzvyZV@gmail.com,CREATE,2024-09-11 16:54:30
oNoPy@ya.ru,DELETE,2024-09-11 00:43:15
soGNkwHClAuhA@ya.ru,UPDATE,2024-09-11 01:42:12
OiomyOMoC@mail.ru,READ,2024-09-11 18:36:36
VUoeShycSO@gmail.com,READ,2024-09-11 01:14:15
VUoeShycSO@gmail.com,CREATE,2024-09-11 21:37:01
JMatzvyZV@gmail.com,READ,2024-09-11 16:33:30
JwxEbCKPtznHb@gmail.com,READ,2024-09-11 08:44:05
oNoPy@ya.ru,DELETE,2024-09-11 11:02:35
cWEyZxptozE@gmail.com,CREATE,2024-09-11 16:38:47
AHFHYdCnEsJw@mail.ru,READ,2024-09-11 20:42:30
XSadcLtdEJ@ya.ru,CREATE,2024-09-11 21:36:24
oNoPy@ya.ru,READ,2024-09-11 14:36:32
JMatzvyZV@gmail.com,CREATE,2024-09-11 00:11:28
XSadcLtdEJ@ya.ru,UPDATE,2024-09-11 03:34:33
cWEyZxptozE@gmail.com,UPDATE,2024-09-11 03:44:44
soGNkwHClAuhA@ya.ru,UPDATE,2024-09-11 17:37:14
tRoEanxWwcWuN@mail.ru,UPDATE,2024-09-11 15:38:29
JwxEbCKPtznHb@gmail.com,CREATE,2024-09-11 07:25:27
cWEyZxptozE@gmail.com,CREATE,2024-09-11 22:49:57
tRoEanxWwcWuN@mail.ru,CREATE,2024-09-11 03:30:28
cWEyZxptozE@gmail.com,READ,2024-09-11 03:43:28
JMatzvyZV@gmail.com,UPDATE,2024-09-11 18:37:17
OiomyOMoC@mail.ru,DELETE,2024-09-11 13:04:08
JwxEbCKPtznHb@gmail.com,CREATE,2024-09-11 17:55:59
XSadcLtdEJ@ya.ru,CREATE,2024-09-11 19:20:07
OiomyOMoC@mail.ru,CREATE,2024-09-11 17:58:11
JMatzvyZV@gmail.com,UPDATE,2024-09-11 20:14:21
JwxEbCKPtznHb@gmail.com,UPDATE,2024-09-11 18:32:59
tRoEanxWwcWuN@mail.ru,READ,2024-09-11 18:48:28
JMatzvyZV@gmail.com,READ,2024-09-11 04:51:48
JMatzvyZV@gmail.com,UPDATE,2024-09-11 20:05:30
VUoeShycSO@gmail.com,CREATE,2024-09-11 16:28:04
oNoPy@ya.ru,CREATE,2024-09-11 06:55:25
XSadcLtdEJ@ya.ru,CREATE,2024-09-11 10:53:53
AHFHYdCnEsJw@mail.ru,UPDATE,2024-09-11 16:20:33
soGNkwHClAuhA@ya.ru,READ,2024-09-11 19:22:59
cWEyZxptozE@gmail.com,UPDATE,2024-09-11 01:24:53
cWEyZxptozE@gmail.com,CREATE,2024-09-11 02:11:58
AHFHYdCnEsJw@mail.ru,DELETE,2024-09-11 18:41:10
soGNkwHClAuhA@ya.ru,READ,2024-09-11 20:21:54
JMatzvyZV@gmail.com,CREATE,2024-09-11 10:28:49
JMatzvyZV@gmail.com,READ,2024-09-11 15:21:16
XSadcLtdEJ@ya.ru,READ,2024-09-11 01:43:49
soGNkwHClAuhA@ya.ru,CREATE,2024-09-11 05:49:38
JMatzvyZV@gmail.com,UPDATE,2024-09-11 18:12:56
cWEyZxptozE@gmail.com,UPDATE,2024-09-11 09:58:41
XSadcLtdEJ@ya.ru,DELETE,2024-09-11 16:29:34
soGNkwHClAuhA@ya.ru,CREATE,2024-09-11 10:33:27
VUoeShycSO@gmail.com,READ,2024-09-11 07:15:44
VUoeShycSO@gmail.com,DELETE,2024-09-11 16:19:54
AHFHYdCnEsJw@mail.ru,DELETE,2024-09-11 14:42:29
AHFHYdCnEsJw@mail.ru,READ,2024-09-11 17:44:15
JwxEbCKPtznHb@gmail.com,UPDATE,2024-09-11 20:47:21
tRoEanxWwcWuN@mail.ru,UPDATE,2024-09-11 23:13:21
oNoPy@ya.ru,UPDATE,2024-09-11 23:00:26
JMatzvyZV@gmail.com,READ,2024-09-11 08:30:05
cWEyZxptozE@gmail.com,READ,2024-09-11 18:20:34
tRoEanxWwcWuN@mail.ru,DELETE,2024-09-11 20:34:51
VUoeShycSO@gmail.com,CREATE,2024-09-11 00:07:04
JMatzvyZV@gmail.com,CREATE,2024-09-11 11:06:27
oNoPy@ya.ru,READ,2024-09-11 03:09:21
AHFHYdCnEsJw@mail.ru,READ,2024-09-11 10:45:59
tRoEanxWwcWuN@mail.ru,DELETE,2024-09-11 05:26:34
XSadcLtdEJ@ya.ru,DELETE,2024-09-11 23:22:29
tRoEanxWwcWuN@mail.ru,DELETE,2024-09-11 02:56:49
AHFHYdCnEsJw@mail.ru,READ,2024-09-11 04:39:48
JMatzvyZV@gmail.com,CREATE,2024-09-11 21:43:17
AHFHYdCnEsJw@mail.ru,DELETE,2024-09-11 18:59:41
oNoPy@ya.ru,DELETE,2024-09-11 22:09:42
VUoeShycSO@gmail.com,READ,2024-09-11 10:16:38
VUoeShycSO@gmail.com,READ,2024-09-11 14:12:02
VUoeShycSO@gmail.com,CREATE,2024-09-11 08:35:09
JMatzvyZV@gmail.com,DELETE,2024-09-11 16:37:34
XSadcLtdEJ@ya.ru,CREATE,2024-09-11 03:49:40
OiomyOMoC@mail.ru,UPDATE,2024-09-11 04:35:40
JMatzvyZV@gmail.com,UPDATE,2024-09-11 02:04:23
XSadcLtdEJ@ya.ru,UPDATE,2024-09-11 18:12:46
cWEyZxptozE@gmail.com,UPDATE,2024-09-11 01:12:42
JwxEbCKPtznHb@gmail.com,DELETE,2024-09-11 16:23:50
AHFHYdCnEsJw@mail.ru,CREATE,2024-09-11 14:04:27
VUoeShycSO@gmail.com,CREATE,2024-09-11 12:22:21
soGNkwHClAuhA@ya.ru,UPDATE,2024-09-11 15:12:04
XSadcLtdEJ@ya.ru,CREATE,2024-09-11 07:36:54
JwxEbCKPtznHb@gmail.com,READ,2024-09-11 17:35:17
AHFHYdCnEsJw@mail.ru,CREATE,2024-09-11 08:30:40
oNoPy@ya.ru,DELETE,2024-09-11 07:12:17
JMatzvyZV@gmail.com,UPDATE,2024-09-11 06:19:47
VUoeShycSO@gmail.com,CREATE,2024-09-11 07:12:28
oNoPy@ya.ru,READ,2024-09-11 18:07:15
AHFHYdCnEsJw@mail.ru,READ,2024-09-11 05:22:35
JwxEbCKPtznHb@gmail.com,DELETE,2024-09-11 10:33:49
tRoEanxWwcWuN@mail.ru,READ,2024-09-11 16:53:11
JMatzvyZV@gmail.com,READ,2024-09-11 16:42:32
OiomyOMoC@mail.ru,DELETE,2024-09-11 07:32:51
JMatzvyZV@gmail.com,UPDATE,2024-09-11 18:28:33
JwxEbCKPtznHb@gmail.com,READ,2024-09-11 02:52:59
OiomyOMoC@mail.ru,READ,2024-09-11 17:13:47
OiomyOMoC@mail.ru,UPDATE,2024-09-11 00:38:40
tRoEanxWwcWuN@mail.ru,READ,2024-09-11 16:02:15
XSadcLtdEJ@ya.ru,CREATE,2024-09-11 15:59:07
JwxEbCKPtznHb@gmail.com,DELETE,2024-09-11 01:57:49
tRoEanxWwcWuN@mail.ru,CREATE,2024-09-11 09:47:10
VUoeShycSO@gmail.com,DELETE,2024-09-11 05:55:56
soGNkwHClAuhA@ya.ru,READ,2024-09-11 13:49:25
oNoPy@ya.ru,DELETE,2024-09-11 22:28:02
JMatzvyZV@gmail.com,CREATE,2024-09-11 20:19:14
JwxEbCKPtznHb@gmail.com,READ,2024-09-11 11:57:29
JwxEbCKPtznHb@gmail.com,DELETE,2024-09-11 22:03:28
AHFHYdCnEsJw@mail.ru,UPDATE,2024-09-11 02:28:00
OiomyOMoC@mail.ru,READ,2024-09-11 14:40:48
JMatzvyZV@gmail.com,UPDATE,2024-09-11 12:44:28
VUoeShycSO@gmail.com,DELETE,2024-09-11 21:15:25
OiomyOMoC@mail.ru,CREATE,2024-09-11 04:15:17
OiomyOMoC@mail.ru,READ,2024-09-11 15:23:37
oNoPy@ya.ru,DELETE,2024-09-11 14:03:12
XSadcLtdEJ@ya.ru,CREATE,2024-09-11 05:23:05
JMatzvyZV@gmail.com,UPDATE,2024-09-11 09:15:34
cWEyZxptozE@gmail.com,READ,2024-09-11 16:36:48
VUoeShycSO@gmail.com,READ,2024-09-11 11:27:38
soGNkwHClAuhA@ya.ru,UPDATE,2024-09-11 05:10:07
OiomyOMoC@mail.ru,UPDATE,2024-09-11 05:51:50
oNoPy@ya.ru,READ,2024-09-11 13:01:12
soGNkwHClAuhA@ya.ru,DELETE,2024-09-11 19:49:53
OiomyOMoC@mail.ru,DELETE,2024-09-11 15:21:03
oNoPy@ya.ru,CREATE,2024-09-11 23:12:03
oNoPy@ya.ru,DELETE,2024-09-11 23:22:34
tRoEanxWwcWuN@mail.ru,READ,2024-09-11 16:59:16
soGNkwHClAuhA@ya.ru,READ,2024-09-11 05:44:25
AHFHYdCnEsJw@mail.ru,DELETE,2024-09-11 06:51:17
VUoeShycSO@gmail.com,UPDATE,2024-09-11 16:16:48
OiomyOMoC@mail.ru,READ,2024-09-11 18:52:28
JMatzvyZV@gmail.com,UPDATE,2024-09-11 01:37:10
oNoPy@ya.ru,CREATE,2024-09-11 09:39:11
VUoeShycSO@gmail.com,UPDATE,2024-09-11 20:38:12
XSadcLtdEJ@ya.ru,DELETE,2024-09-11 19:02:05
JwxEbCKPtznHb@gmail.com,UPDATE,2024-09-11 04:16:42
JwxEbCKPtznHb@gmail.com,CREATE,2024-09-11 15:13:20
cWEyZxptozE@gmail.com,READ,2024-09-11 19:23:03
cWEyZxptozE@gmail.com,CREATE,2024-09-11 04:04:41
JMatzvyZV@gmail.com,UPDATE,2024-09-11 12:22:01
XSadcLtdEJ@ya.ru,UPDATE,2024-09-11 20:59:35
JMatzvyZV@gmail.com,DELETE,2024-09-11 12:43:50
cWEyZxptozE@gmail.com,DELETE,2024-09-11 16:10:56
AHFHYdCnEsJw@mail.ru,CREATE,2024-09-11 19:58:10
soGNkwHClAuhA@ya.ru,READ,2024-09-11 21:07:27
cWEyZxptozE@gmail.com,CREATE,2024-09-11 21:52:47
AHFHYdCnEsJw@mail.ru,DELETE,2024-09-11 02:08:38
oNoPy@ya.ru,UPDATE,2024-09-11 23:37:55
cWEyZxptozE@gmail.com,READ,2024-09-11 09:14:39
AHFHYdCnEsJw@mail.ru,READ,2024-09-11 21:45:18
oNoPy@ya.ru,CREATE,2024-09-11 06:49:53
cWEyZxptozE@gmail.com,UPDATE,2024-09-11 17:54:35
oNoPy@ya.ru,CREATE,2024-09-11 09:28:31
VUoeShycSO@gmail.com,CREATE,2024-09-11 15:27:17
VUoeShycSO@gmail.com,DELETE,2024-09-11 16:05:19
XSadcLtdEJ@ya.ru,DELETE,2024-09-11 19:06:42
tRoEanxWwcWuN@mail.ru,DELETE,2024-09-11 14:34:07
VUoeShycSO@gmail.com,CREATE,2024-09-11 16:57:59
AHFHYdCnEsJw@mail.ru,CREATE,2024-09-11 00:14:15
VUoeShycSO@gmail.com,UPDATE,2024-09-11 10:20:24
tRoEanxWwcWuN@mail.ru,CREATE,2024-09-11 22:34:38
soGNkwHClAuhA@ya.ru,DELETE,2024-09-11 11:39:50
JMatzvyZV@gmail.com,CREATE,2024-09-11 09:05:42
tRoEanxWwcWuN@mail.ru,UPDATE,2024-09-11 06:18:32
VUoeShycSO@gmail.com,READ,2024-09-11 05:42:54
XSadcLtdEJ@ya.ru,DELETE,2024-09-11 10:58:03
tRoEanxWwcWuN@mail.ru,UPDATE,2024-09-11 17:07:51
AHFHYdCnEsJw@mail.ru,UPDATE,2024-09-11 05:46:13
VUoeShycSO@gmail.com,DELETE,2024-09-11 00:04:35
oNoPy@ya.ru,CREATE,2024-09-11 14:59:58
JwxEbCKPtznHb@gmail.com,UPDATE,2024-09-11 10:44:10
AHFHYdCnEsJw@mail.ru,CREATE,2024-09-11 00:54:09
JwxEbCKPtznHb@gmail.com,CREATE,2024-09-11 17:19:08
tRoEanxWwcWuN@mail.ru,DELETE,2024-09-11 11:53:17
VUoeShycSO@gmail.com,READ,2024-09-11 17:54:04
OiomyOMoC@mail.ru,CREATE,2024-09-11 02:41:00
JMatzvyZV@gmail.com,DELETE,2024-09-11 04:17:30
soGNkwHClAuhA@ya.ru,UPDATE,2024-09-11 03:30:48
XSadcLtdEJ@ya.ru,READ,2024-09-11 23:54:06
JwxEbCKPtznHb@gmail.com,DELETE,2024-09-11 22:16:39
VUoeShycSO@gmail.com,READ,2024-09-11 13:46:13
tRoEanxWwcWuN@mail.ru,CREATE,2024-09-11 21:39:55
tRoEanxWwcWuN@mail.ru,CREATE,2024-09-11 15:17:03
XSadcLtdEJ@ya.ru,DELETE,2024-09-11 00:18:04
AHFHYdCnEsJw@mail.ru,READ,2024-09-11 04:25:52
XSadcLtdEJ@ya.ru,READ,2024-09-11 06:55:10
VUoeShycSO@gmail.com,READ,2024-09-11 22:22:09
soGNkwHClAuhA@ya.ru,UPDATE,2024-09-11 09:56:51
cWEyZxptozE@gmail.com,DELETE,2024-09-11 06:51:35
tRoEanxWwcWuN@mail.ru,DELETE,2024-09-11 23:35:22
OiomyOMoC@mail.ru,CREATE,2024-09-11 20:29:36
tRoEanxWwcWuN@mail.ru,UPDATE,2024-09-11 02:49:50
VUoeShycSO@gmail.com,CREATE,2024-09-11 14:47:50
VUoeShycSO@gmail.com,CREATE,2024-09-11 20:05:02
tRoEanxWwcWuN@mail.ru,DELETE,2024-09-11 18:23:07
JMatzvyZV@gmail.com,READ,2024-09-11 01:12:52
XSadcLtdEJ@ya.ru,READ,2024-09-11 02:27:36
OiomyOMoC@mail.ru,CREATE,2024-09-11 02:14:14
JwxEbCKPtznHb@gmail.com,DELETE,2024-09-11 05:52:27
AHFHYdCnEsJw@mail.ru,READ,2024-09-11 00:27:27
oNoPy@ya.ru,READ,2024-09-11 22:37:51
tRoEanxWwcWuN@mail.ru,DELETE,2024-09-11 13:03:52
tRoEanxWwcWuN@mail.ru,UPDATE,2024-09-11 21:49:45
AHFHYdCnEsJw@mail.ru,DELETE,2024-09-11 05:13:20
soGNkwHClAuhA@ya.ru,DELETE,2024-09-11 12:08:12
XSadcLtdEJ@ya.ru,READ,2024-09-11 04:34:15
XSadcLtdEJ@ya.ru,DELETE,2024-09-11 16:31:03
XSadcLtdEJ@ya.ru,CREATE,2024-09-11 16:50:55
VUoeShycSO@gmail.com,DELETE,2024-09-11 07:56:16
XSadcLtdEJ@ya.ru,DELETE,2024-09-11 14:44:17
XSadcLtdEJ@ya.ru,READ,2024-09-11 12:17:27
tRoEanxWwcWuN@mail.ru,DELETE,2024-09-11 12:03:28
tRoEanxWwcWuN@mail.ru,DELETE,2024-09-11 13:03:14
JMatzvyZV@gmail.com,DELETE,2024-09-11 17:52:30
JwxEbCKPtznHb@gmail.com,UPDATE,2024-09-11 14:28:04
soGNkwHClAuhA@ya.ru,UPDATE,2024-09-11 18:35:14
XSadcLtdEJ@ya.ru,DELETE,2024-09-11 12:36:35
oNoPy@ya.ru,DELETE,2024-09-11 22:52:24
AHFHYdCnEsJw@mail.ru,CREATE,2024-09-11 12:18:46
VUoeShycSO@gmail.com,DELETE,2024-09-11 13:50:40
XSadcLtdEJ@ya.ru,DELETE,2024-09-11 02:18:50
AHFHYdCnEsJw@mail.ru,UPDATE,2024-09-11 03:45:58
OiomyOMoC@mail.ru,CREATE,2024-09-11 14:13:44
AHFHYdCnEsJw@mail.ru,READ,2024-09-11 03:12:02
oNoPy@ya.ru,CREATE,2024-09-11 03:24:33
JwxEbCKPtznHb@gmail.com,DELETE,2024-09-11 09:26:54
OiomyOMoC@mail.ru,UPDATE,2024-09-11 06:59:45
cWEyZxptozE@gmail.com,UPDATE,2024-09-11 08:33:36
JMatzvyZV@gmail.com,CREATE,2024-09-11 23:34:21
oNoPy@ya.ru,READ,2024-09-11 06:13:58
VUoeShycSO@gmail.com,CREATE,2024-09-11 12:02:23
tRoEanxWwcWuN@mail.ru,UPDATE,2024-09-11 12:04:57
AHFHYdCnEsJw@mail.ru,CREATE,2024-09-11 13:35:29
tRoEanxWwcWuN@mail.ru,DELETE,2024-09-11 12:42:17
soGNkwHClAuhA@ya.ru,DELETE,2024-09-11 17:13:27
OiomyOMoC@mail.ru,UPDATE,2024-09-11 23:50:16
XSadcLtdEJ@ya.ru,CREATE,2024-09-11 07:53:34
tRoEanxWwcWuN@mail.ru,CREATE,2024-09-11 23:01:37
tRoEanxWwcWuN@mail.ru,UPDATE,2024-09-11 10:46:46
cWEyZxptozE@gmail.com,DELETE,2024-09-11 07:36:33
VUoeShycSO@gmail.com,CREATE,2024-09-11 01:51:45
OiomyOMoC@mail.ru,UPDATE,2024-09-11 06:32:08
oNoPy@ya.ru,READ,2024-09-11 00:13:49
VUoeShycSO@gmail.com,UPDATE,2024-09-11 13:03:25
XSadcLtdEJ@ya.ru,READ,2024-09-11 01:34:47
soGNkwHClAuhA@ya.ru,DELETE,2024-09-11 02:21:57
AHFHYdCnEsJw@mail.ru,READ,2024-09-11 10:54:57
JMatzvyZV@gmail.com,READ,2024-09-11 13:57:12
JwxEbCKPtznHb@gmail.com,UPDATE,2024-09-11 12:00:41
cWEyZxptozE@gmail.com,READ,2024-09-11 14:56:45
oNoPy@ya.ru,UPDATE,2024-09-11 02:50:44
VUoeShycSO@gmail.com,DELETE,2024-09-11 21:55:40
JwxEbCKPtznHb@gmail.com,CREATE,2024-09-11 22:15:05
soGNkwHClAuhA@ya.ru,UPDATE,2024-09-11 03:54:29
OiomyOMoC@mail.ru,CREATE,2024-09-11 13:20:28
soGNkwHClAuhA@ya.ru,READ,2024-09-11 18:18:30
VUoeShycSO@gmail.com,DELETE,2024-09-11 01:39:20
JwxEbCKPtznHb@gmail.com,UPDATE,2024-09-11 13:35:54
VUoeShycSO@gmail.com,UPDATE,2024-09-11 05:38:14
cWEyZxptozE@gmail.com,READ,2024-09-11 12:14:03
cWEyZxptozE@gmail.com,READ,2024-09-11 06:12:21
XSadcLtdEJ@ya.ru,READ,2024-09-11 14:37:40
oNoPy@ya.ru,DELETE,2024-09-11 18:01:21
VUoeShycSO@gmail.com,DELETE,2024-09-11 01:08:12
XSadcLtdEJ@ya.ru,READ,2024-09-11 21:18:10
JMatzvyZV@gmail.com,UPDATE,2024-09-11 00:43:25
VUoeShycSO@gmail.com,READ,2024-09-11 01:05:00
tRoEanxWwcWuN@mail.ru,UPDATE,2024-09-11 21:14:49
OiomyOMoC@mail.ru,UPDATE,2024-09-11 10:27:17
JwxEbCKPtznHb@gmail.com,DELETE,2024-09-11 17:33:56
XSadcLtdEJ@ya.ru,DELETE,2024-09-11 04:21:25
AHFHYdCnEsJw@mail.ru,DELETE,2024-09-11 03:30:02
AHFHYdCnEsJw@mail.ru,DELETE,2024-09-11 11:42:33
XSadcLtdEJ@ya.ru,UPDATE,2024-09-11 07:24:45
VUoeShycSO@gmail.com,DELETE,2024-09-11 22:03:17
JwxEbCKPtznHb@gmail.com,DELETE,2024-09-11 01:53:48
cWEyZxptozE@gmail.com,READ,2024-09-11 23:13:40
JMatzvyZV@gmail.com,CREATE,2024-09-11 20:54:56
oNoPy@ya.ru,CREATE,2024-09-11 05:53:38
VUoeShycSO@gmail.com,CREATE,2024-09-11 14:23:23
soGNkwHClAuhA@ya.ru,CREATE,2024-09-11 00:34:43
JwxEbCKPtznHb@gmail.com,UPDATE,2024-09-11 16:38:25
JMatzvyZV@gmail.com,DELETE,2024-09-11 15:08:33
VUoeShycSO@gmail.com,DELETE,2024-09-11 23:26:19
JwxEbCKPtznHb@gmail.com,DELETE,2024-09-11 17:59:18
VUoeShycSO@gmail.com,DELETE,2024-09-11 19:07:41
oNoPy@ya.ru,READ,2024-09-11 00:18:21
cWEyZxptozE@gmail.com,UPDATE,2024-09-11 12:21:04
cWEyZxptozE@gmail.com,UPDATE,2024-09-11 23:29:56
XSadcLtdEJ@ya.ru,DELETE,2024-09-11 06:19:21
OiomyOMoC@mail.ru,UPDATE,2024-09-11 15:20:20
oNoPy@ya.ru,CREATE,2024-09-11 13:50:31
OiomyOMoC@mail.ru,CREATE,2024-09-11 19:57:13
VUoeShycSO@gmail.com,DELETE,2024-09-11 15:43:15
AHFHYdCnEsJw@mail.ru,UPDATE,2024-09-11 14:45:04
cWEyZxptozE@gmail.com,DELETE,2024-09-11 11:13:26
XSadcLtdEJ@ya.ru,READ,2024-09-11 08:33:38
soGNkwHClAuhA@ya.ru,CREATE,2024-09-11 10:31:48
cWEyZxptozE@gmail.com,CREATE,2024-09-11 05:05:29
cWEyZxptozE@gmail.com,DELETE,2024-09-11 19:29:17
OiomyOMoC@mail.ru,READ,2024-09-11 04:05:54
AHFHYdCnEsJw@mail.ru,UPDATE,2024-09-11 00:46:20
tRoEanxWwcWuN@mail.ru,CREATE,2024-09-11 12:53:09
XSadcLtdEJ@ya.ru,CREATE,2024-09-11 10:07:02
oNoPy@ya.ru,UPDATE,2024-09-11 05:48:50
AHFHYdCnEsJw@mail.ru,DELETE,2024-09-11 11:31:31
AHFHYdCnEsJw@mail.ru,READ,2024-09-11 19:07:42
AHFHYdCnEsJw@mail.ru,CREATE,2024-09-11 02:12:57
tRoEanxWwcWuN@mail.ru,READ,2024-09-11 02:44:50
OiomyOMoC@mail.ru,READ,2024-09-11 00:10:42
OiomyOMoC@mail.ru,DELETE,2024-09-11 22:56:09
JMatzvyZV@gmail.com,UPDATE,2024-09-11 07:35:09
XSadcLtdEJ@ya.ru,UPDATE,2024-09-11 19:33:12
AHFHYdCnEsJw@mail.ru,CREATE,2024-09-11 16:14:56
cWEyZxptozE@gmail.com,UPDATE,2024-09-11 23:09:14
tRoEanxWwcWuN@mail.ru,UPDATE,2024-09-11 22:04:12
soGNkwHClAuhA@ya.ru,UPDATE,2024-09-11 20:44:52
XSadcLtdEJ@ya.ru,DELETE,2024-09-11 05:44:28
JMatzvyZV@gmail.com,READ,2024-09-11 06:14:12
OiomyOMoC@mail.ru,UPDATE,2024-09-11 11:02:46
oNoPy@ya.ru,DELETE,2024-09-11 06:04:56
OiomyOMoC@mail.ru,UPDATE,2024-09-11 18:50:02
cWEyZxptozE@gmail.com,DELETE,2024-09-11 13:54:13
JMatzvyZV@gmail.com,DELETE,2024-09-11 04:40:56
VUoeShycSO@gmail.com,DELETE,2024-09-11 14:03:15
AHFHYdCnEsJw@mail.ru,DELETE,2024-09-11 15:35:24
VUoeShycSO@gmail.com,CREATE,2024-09-11 08:49:22
soGNkwHClAuhA@ya.ru,UPDATE,2024-09-11 11:54:45
soGNkwHClAuhA@ya.ru,READ,2024-09-11 08:17:37
VUoeShycSO@gmail.com,READ,2024-09-11 11:43:18
oNoPy@ya.ru,UPDATE,2024-09-11 03:44:14
JwxEbCKPtznHb@gmail.com,READ,2024-09-11 00:06:11
VUoeShycSO@gmail.com,UPDATE,2024-09-11 01:01:47
VUoeShycSO@gmail.com,CREATE,2024-09-11 07:14:57
OiomyOMoC@mail.ru,UPDATE,2024-09-11 21:53:56
cWEyZxptozE@gmail.com,READ,2024-09-11 15:21:38
OiomyOMoC@mail.ru,CREATE,2024-09-11 21:24:59
soGNkwHClAuhA@ya.ru,UPDATE,2024-09-11 06:09:03
OiomyOMoC@mail.ru,UPDATE,2024-09-11 10:38:45
JMatzvyZV@gmail.com,UPDATE,2024-09-11 21:21:41
JMatzvyZV@gmail.com,READ,2024-09-11 05:51:19
oNoPy@ya.ru,DELETE,2024-09-11 00:18:21
cWEyZxptozE@gmail.com,CREATE,2024-09-11 11:25:00
JwxEbCKPtznHb@gmail.com,CREATE,2024-09-11 05:59:15
tRoEanxWwcWuN@mail.ru,CREATE,2024-09-11 12:08:30
XSadcLtdEJ@ya.ru,CREATE,2024-09-11 17:56:44
JwxEbCKPtznHb@gmail.com,CREATE,2024-09-11 04:18:27
oNoPy@ya.ru,UPDATE,2024-09-11 18:49:57
oNoPy@ya.ru,DELETE,2024-09-11 15:48:42
JMatzvyZV@gmail.com,UPDATE,2024-09-11 17:28:08
XSadcLtdEJ@ya.ru,DELETE,2024-09-11 06:13:09
tRoEanxWwcWuN@mail.ru,CREATE,2024-09-11 22:38:28
soGNkwHClAuhA@ya.ru,DELETE,2024-09-11 14:02:05
VUoeShycSO@gmail.com,READ,2024-09-11 10:18:06
soGNkwHClAuhA@ya.ru,DELETE,2024-09-11 16:16:43
AHFHYdCnEsJw@mail.ru,UPDATE,2024-09-11 23:23:16
soGNkwHClAuhA@ya.ru,UPDATE,2024-09-11 14:26:37
tRoEanxWwcWuN@mail.ru,READ,2024-09-11 16:28:28
soGNkwHClAuhA@ya.ru,DELETE,2024-09-11 19:15:08
XSadcLtdEJ@ya.ru,DELETE,2024-09-11 16:19:19
OiomyOMoC@mail.ru,DELETE,2024-09-11 05:31:45
JMatzvyZV@gmail.com,DELETE,2024-09-11 15:59:38
AHFHYdCnEsJw@mail.ru,READ,2024-09-11 11:42:01
OiomyOMoC@mail.ru,READ,2024-09-11 08:47:58
AHFHYdCnEsJw@mail.ru,DELETE,2024-09-11 00:58:41
XSadcLtdEJ@ya.ru,DELETE,2024-09-11 07:20:22
AHFHYdCnEsJw@mail.ru,READ,2024-09-11 13:18:53
cWEyZxptozE@gmail.com,DELETE,2024-09-11 20:20:36
OiomyOMoC@mail.ru,UPDATE,2024-09-11 16:43:41
VUoeShycSO@gmail.com,CREATE,2024-09-11 02:12:56
cWEyZxptozE@gmail.com,CREATE,2024-09-11 16:42:24
VUoeShycSO@gmail.com,CREATE,2024-09-11 02:19:19
soGNkwHClAuhA@ya.ru,CREATE,2024-09-11 08:17:59
tRoEanxWwcWuN@mail.ru,CREATE,2024-09-11 12:28:24
AHFHYdCnEsJw@mail.ru,DELETE,2024-09-11 17:48:14
oNoPy@ya.ru,CREATE,2024-09-11 07:24:24
VUoeShycSO@gmail.com,CREATE,2024-09-11 12:55:11
XSadcLtdEJ@ya.ru,UPDATE,2024-09-11 01:18:32
XSadcLtdEJ@ya.ru,DELETE,2024-09-11 13:51:21
OiomyOMoC@mail.ru,CREATE,2024-09-11 22:48:56
tRoEanxWwcWuN@mail.ru,UPDATE,2024-09-11 22:39:15
AHFHYdCnEsJw@mail.ru,DELETE,2024-09-11 18:11:55
JwxEbCKPtznHb@gmail.com,UPDATE,2024-09-11 01:54:20
cWEyZxptozE@gmail.com,CREATE,2024-09-11 12:21:06
OiomyOMoC@mail.ru,UPDATE,2024-09-11 22:10:16
AHFHYdCnEsJw@mail.ru,CREATE,2024-09-11 07:00:34
oNoPy@ya.ru,READ,2024-09-11 19:09:50
JMatzvyZV@gmail.com,CREATE,2024-09-11 03:01:08
JwxEbCKPtznHb@gmail.com,UPDATE,2024-09-11 04:07:23
soGNkwHClAuhA@ya.ru,CREATE,2024-09-11 14:34:12
JMatzvyZV@gmail.com,READ,2024-09-11 10:18:25
XSadcLtdEJ@ya.ru,READ,2024-09-11 10:25:40
JMatzvyZV@gmail.com,READ,2024-09-11 07:06:40
VUoeShycSO@gmail.com,UPDATE,2024-09-11 12:04:28
JwxEbCKPtznHb@gmail.com,READ,2024-09-11 13:58:15
cWEyZxptozE@gmail.com,UPDATE,2024-09-11 19:31:58
VUoeShycSO@gmail.com,CREATE,2024-09-11 23:56:27
soGNkwHClAuhA@ya.ru,UPDATE,2024-09-11 18:42:14
JMatzvyZV@gmail.com,CREATE,2024-09-11 01:40:46
JMatzvyZV@gmail.com,READ,2024-09-11 15:34:17
tRoEanxWwcWuN@mail.ru,UPDATE,2024-09-11 04:54:31
tRoEanxWwcWuN@mail.ru,CREATE,2024-09-11 09:55:54
XSadcLtdEJ@ya.ru,READ,2024-09-11 19:56:04
tRoEanxWwcWuN@mail.ru,DELETE,2024-09-11 02:06:51
XSadcLtdEJ@ya.ru,READ,2024-09-11 03:17:54
JMatzvyZV@gmail.com,READ,2024-09-11 13:57:36
soGNkwHClAuhA@ya.ru,READ,2024-09-11 23:49:08
VUoeShycSO@gmail.com,UPDATE,2024-09-11 21:58:39
JMatzvyZV@gmail.com,CREATE,2024-09-11 08:30:47
OiomyOMoC@mail.ru,CREATE,2024-09-11 04:08:06
cWEyZxptozE@gmail.com,READ,2024-09-11 05:32:32
VUoeShycSO@gmail.com,UPDATE,2024-09-11 23:54:34
cWEyZxptozE@gmail.com,READ,2024-09-11 03:33:11
VUoeShycSO@gmail.com,READ,2024-09-11 18:01:41
XSadcLtdEJ@ya.ru,CREATE,2024-09-11 00:24:16
JMatzvyZV@gmail.com,DELETE,2024-09-11 02:24:33
cWEyZxptozE@gmail.com,DELETE,2024-09-11 20:54:53
AHFHYdCnEsJw@mail.ru,UPDATE,2024-09-11 18:52:36
JMatzvyZV@gmail.com,DELETE,2024-09-11 02:44:54
VUoeShycSO@gmail.com,READ,2024-09-11 17:23:15
AHFHYdCnEsJw@mail.ru,DELETE,2024-09-11 07:32:01
tRoEanxWwcWuN@mail.ru,READ,2024-09-11 05:59:21
cWEyZxptozE@gmail.com,CREATE,2024-09-11 07:42:56
OiomyOMoC@mail.ru,UPDATE,2024-09-11 08:35:15
soGNkwHClAuhA@ya.ru,READ,2024-09-11 20:18:50
oNoPy@ya.ru,DELETE,2024-09-11 18:02:59
JMatzvyZV@gmail.com,DELETE,2024-09-11 18:53:27
oNoPy@ya.ru,DELETE,2024-09-11 22:05:59
JwxEbCKPtznHb@gmail.com,UPDATE,2024-09-11 12:50:12
AHFHYdCnEsJw@mail.ru,CREATE,2024-09-11 15:32:14
OiomyOMoC@mail.ru,UPDATE,2024-09-11 13:15:31
XSadcLtdEJ@ya.ru,CREATE,2024-09-11 00:55:29
OiomyOMoC@mail.ru,UPDATE,2024-09-11 09:10:24
JwxEbCKPtznHb@gmail.com,UPDATE,2024-09-11 21:17:31
cWEyZxptozE@gmail.com,READ,2024-09-11 15:44:33
AHFHYdCnEsJw@mail.ru,READ,2024-09-11 21:13:14
AHFHYdCnEsJw@mail.ru,DELETE,2024-09-11 21:51:03
oNoPy@ya.ru,READ,2024-09-11 13:52:57
OiomyOMoC@mail.ru,READ,2024-09-11 20:54:53
tRoEanxWwcWuN@mail.ru,CREATE,2024-09-11 00:04:39
JMatzvyZV@gmail.com,CREATE,2024-09-11 21:05:26
oNoPy@ya.ru,DELETE,2024-09-11 16:23:38
VUoeShycSO@gmail.com,DELETE,2024-09-11 20:14:00
cWEyZxptozE@gmail.com,UPDATE,2024-09-11 09:31:50
OiomyOMoC@mail.ru,READ,2024-09-11 19:11:11
soGNkwHClAuhA@ya.ru,READ,2024-09-11 06:52:15
XSadcLtdEJ@ya.ru,READ,2024-09-11 08:38:25
JMatzvyZV@gmail.com,UPDATE,2024-09-11 03:50:10
tRoEanxWwcWuN@mail.ru,DELETE,2024-09-11 22:51:03
soGNkwHClAuhA@ya.ru,DELETE,2024-09-11 01:19:19
AHFHYdCnEsJw@mail.ru,CREATE,2024-09-11 06:52:21
JwxEbCKPtznHb@gmail.com,CREATE,2024-09-11 11:06:29
VUoeShycSO@gmail.com,DELETE,2024-09-11 10:23:18
oNoPy@ya.ru,DELETE,2024-09-11 22:30:57
VUoeShycSO@gmail.com,DELETE,2024-09-11 16:36:14
AHFHYdCnEsJw@mail.ru,DELETE,2024-09-11 16:21:28
JwxEbCKPtznHb@gmail.com,CREATE,2024-09-11 10:40:50
OiomyOMoC@mail.ru,UPDATE,2024-09-11 14:55:24
oNoPy@ya.ru,DELETE,2024-09-11 05:28:07
AHFHYdCnEsJw@mail.ru,DELETE,2024-09-11 02:32:27
oNoPy@ya.ru,READ,2024-09-11 18:22:10
VUoeShycSO@gmail.com,CREATE,2024-09-11 21:05:20
OiomyOMoC@mail.ru,UPDATE,2024-09-11 23:19:36
JMatzvyZV@gmail.com,UPDATE,2024-09-11 03:47:31
tRoEanxWwcWuN@mail.ru,READ,2024-09-11 10:25:12
tRoEanxWwcWuN@mail.ru,READ,2024-09-11 10:55:50
XSadcLtdEJ@ya.ru,READ,2024-09-11 05:09:24
oNoPy@ya.ru,UPDATE,2024-09-11 15:47:11
cWEyZxptozE@gmail.com,READ,2024-09-11 04:11:53
soGNkwHClAuhA@ya.ru,DELETE,2024-09-11 03:03:46
VUoeShycSO@gmail.com,DELETE,2024-09-11 12:54:37
XSadcLtdEJ@ya.ru,READ,2024-09-11 14:04:09
OiomyOMoC@mail.ru,DELETE,2024-09-11 09:11:37
soGNkwHClAuhA@ya.ru,DELETE,2024-09-11 10:46:27
XSadcLtdEJ@ya.ru,CREATE,2024-09-11 09:17:06
oNoPy@ya.ru,READ,2024-09-11 07:46:37
oNoPy@ya.ru,READ,2024-09-11 15:47:09
VUoeShycSO@gmail.com,DELETE,2024-09-11 10:39:50
VUoeShycSO@gmail.com,UPDATE,2024-09-11 23:05:19
AHFHYdCnEsJw@mail.ru,UPDATE,2024-09-11 10:43:21
soGNkwHClAuhA@ya.ru,READ,2024-09-11 22:36:28
oNoPy@ya.ru,CREATE,2024-09-11 16:48:23
soGNkwHClAuhA@ya.ru,CREATE,2024-09-11 23:24:18
AHFHYdCnEsJw@mail.ru,READ,2024-09-11 06:48:53
tRoEanxWwcWuN@mail.ru,READ,2024-09-11 03:14:27
soGNkwHClAuhA@ya.ru,READ,2024-09-11 17:36:02
VUoeShycSO@gmail.com,READ,2024-09-11 12:31:17
oNoPy@ya.ru,DELETE,2024-09-11 04:08:47
tRoEanxWwcWuN@mail.ru,CREATE,2024-09-11 03:37:19
soGNkwHClAuhA@ya.ru,UPDATE,2024-09-11 15:14:59
XSadcLtdEJ@ya.ru,READ,2024-09-11 21:35:15
tRoEanxWwcWuN@mail.ru,CREATE,2024-09-11 01:39:20
XSadcLtdEJ@ya.ru,DELETE,2024-09-11 23:42:10
oNoPy@ya.ru,DELETE,2024-09-11 12:55:11
JwxEbCKPtznHb@gmail.com,READ,2024-09-11 02:59:58
cWEyZxptozE@gmail.com,CREATE,2024-09-11 14:56:50
OiomyOMoC@mail.ru,CREATE,2024-09-11 16:11:11